date,code,name,action,price,amount,value,commission
2016-02-26,600984,建设机械,buy,4.78,6900,32982.0,9.894599999999999
2016-02-26,002498,汉缆股份,buy,4.22,7800,32916.0,9.874799999999999
2016-02-26,601890,亚星锚链,buy,9.17,3600,33012.0,9.903599999999999
2016-03-01,600984,建设机械,sell,4.48,6900,30912.000000000004,40.1856
2016-03-01,002498,汉缆股份,sell,4.09,7800,31902.0,41.4726
2016-03-01,601890,亚星锚链,sell,8.89,3600,32004.000000000004,41.6052
2016-03-02,600397,江钨装备,buy,5.2,6100,31720.0,9.516
2016-03-02,300100,双林股份,buy,21.88,1400,30632.0,9.189599999999999
2016-03-02,600629,华建集团,buy,9.01,3500,31535.0,9.4605
2016-03-04,300100,双林股份,sell,17.55,1400,24570.0,31.941
2016-03-07,600629,华建集团,sell,8.49,3500,29715.0,38.6295
2016-03-07,600893,航发动力,buy,37.96,200,7592.0,5.0
2016-03-07,600791,京能置业,buy,6.74,1300,8762.0,5.0
2016-03-07,600397,江钨装备,sell,5.4,6100,32940.0,42.821999999999996
2016-03-07,600893,航发动力,sell,37.96,200,7592.0,12.592
2016-03-07,600791,京能置业,sell,6.74,1300,8762.0,13.762
2016-05-31,000798,中水渔业,buy,15.0,500,7500.0,5.0
2016-05-31,000833,粤桂股份,buy,11.03,800,8824.0,5.0
2016-05-31,300258,精锻科技,buy,13.2,600,7920.0,5.0
2016-06-06,000798,中水渔业,sell,13.35,500,6675.0,11.675
2016-06-06,000973,佛塑科技,buy,9.8,200,1960.0000000000002,5.0
2016-06-14,000973,佛塑科技,sell,9.13,200,1826.0000000000002,6.8260000000000005
2016-06-14,001896,豫能控股,buy,8.89,300,2667.0,5.0
2016-06-16,000833,粤桂股份,sell,12.21,800,9768.0,14.768
2016-06-16,300258,精锻科技,sell,14.22,600,8532.0,13.532
2016-06-16,001896,豫能控股,sell,8.74,300,2622.0,7.622
2016-08-15,000839,国安股份,buy,10.88,900,9792.0,5.0
2016-08-15,002703,浙江世宝,buy,17.29,600,10374.0,5.0
2016-08-15,600629,华建集团,buy,10.81,900,9729.0,5.0
2016-08-15,000839,国安股份,buy,10.88,4000,43520.0,13.056
2016-08-16,002703,浙江世宝,buy,19.03,400,7612.0,5.0
2016-08-22,002703,浙江世宝,sell,16.68,1000,16680.0,21.683999999999997
2016-08-22,600397,江钨装备,buy,4.67,800,3736.0,5.0
2016-08-24,000839,国安股份,sell,11.4,4900,55860.0,72.618
2016-08-24,600629,华建集团,sell,11.2,900,10080.0,15.08
2016-08-24,600397,江钨装备,sell,4.67,800,3736.0,8.736
2016-10-28,002703,浙江世宝,buy,19.06,400,7623.999999999999,5.0
2016-10-28,600397,江钨装备,buy,5.27,1700,8959.0,5.0
2016-10-28,002498,汉缆股份,buy,4.12,2200,9064.0,5.0
2016-11-21,002703,浙江世宝,sell,17.97,400,7188.0,12.187999999999999
2016-11-21,000859,国风新材,buy,6.31,300,1892.9999999999998,5.0
2016-11-30,000859,国风新材,sell,5.68,300,1704.0,6.704
2016-11-30,000833,粤桂股份,buy,9.46,200,1892.0000000000002,5.0
2016-12-13,000833,粤桂股份,sell,8.47,200,1694.0000000000002,6.694
2016-12-13,601890,亚星锚链,buy,8.82,200,1764.0,5.0
2016-12-13,600397,江钨装备,sell,5.09,1700,8653.0,13.653
2016-12-13,002498,汉缆股份,sell,3.96,2200,8712.0,13.712
2016-12-13,601890,亚星锚链,sell,8.82,200,1764.0,6.764
2017-01-04,300449,汉邦高科,buy,26.86,300,8058.0,5.0
2017-01-04,600629,华建集团,buy,11.8,700,8260.0,5.0
2017-01-04,002169,智光电气,buy,10.78,800,8624.0,5.0
2017-01-09,002169,智光电气,sell,9.78,800,7823.999999999999,12.823999999999998
2017-01-09,001896,豫能控股,buy,10.92,400,4368.0,5.0
2017-01-16,600629,华建集团,sell,10.69,700,7483.0,12.483
2017-01-16,001896,豫能控股,sell,10.19,400,4076.0,9.076
2017-01-16,600893,航发动力,buy,32.95,100,3295.0000000000005,5.0
2017-01-16,000798,中水渔业,buy,11.16,400,4464.0,5.0
2017-01-18,300449,汉邦高科,sell,26.86,300,8058.0,13.058
2017-01-18,600893,航发动力,sell,32.87,100,3286.9999999999995,8.286999999999999
2017-01-18,000798,中水渔业,sell,12.76,400,5104.0,10.104
2017-02-17,300449,汉邦高科,buy,26.86,300,8058.0,5.0
2017-02-17,600397,江钨装备,buy,5.69,1500,8535.0,5.0
2017-02-17,000839,国安股份,buy,9.17,900,8253.0,5.0
2017-02-27,300449,汉邦高科,sell,22.93,300,6879.0,11.879000000000001
2017-02-27,600984,建设机械,buy,6.41,300,1923.0,5.0
2017-03-03,600397,江钨装备,sell,5.37,1500,8055.0,13.055
2017-03-03,000839,国安股份,sell,11.27,900,10143.0,15.143
2017-03-03,600984,建设机械,sell,5.9,300,1770.0,6.77
2017-06-13,002703,浙江世宝,buy,10.12,1000,10120.0,5.0
2017-06-13,002467,二六三,buy,4.34,2400,10416.0,5.0
2017-06-13,000638,*ST万方,buy,14.49,700,10143.0,5.0
2017-06-23,002703,浙江世宝,sell,9.52,1000,9520.0,14.52
2017-06-23,000638,*ST万方,sell,12.95,700,9065.0,14.065
2017-06-23,600791,京能置业,buy,9.52,300,2856.0,5.0
2017-06-23,002510,天汽模,buy,7.63,400,3052.0,5.0
2017-06-27,002467,二六三,sell,4.28,2400,10272.0,15.272
2017-06-27,600791,京能置业,sell,9.47,300,2841.0,7.841
2017-06-27,002510,天汽模,sell,7.69,400,3076.0,8.076
2017-06-28,600397,江钨装备,buy,4.4,1900,8360.0,5.0
2017-06-28,600984,建设机械,buy,4.5,1900,8550.0,5.0
2017-06-28,002703,浙江世宝,buy,9.86,800,7888.0,5.0
2017-07-11,600984,建设机械,sell,4.18,1900,7941.999999999999,12.942
2017-07-11,300589,江龙船艇,buy,8.74,200,1748.0,5.0
2017-07-12,600397,江钨装备,sell,4.46,1900,8474.0,13.474
2017-07-12,002703,浙江世宝,sell,11.43,800,9144.0,14.144
2017-07-12,300589,江龙船艇,sell,9.0,200,1800.0,6.8
2017-08-28,603960,克来机电,buy,12.92,600,7752.0,5.0
2017-08-28,300567,精测电子,buy,26.07,300,7821.0,5.0
2017-08-28,600410,华胜天成,buy,9.31,900,8379.0,5.0
2017-09-11,603960,克来机电,sell,12.71,600,7626.000000000001,12.626000000000001
2017-09-11,300567,精测电子,sell,32.91,300,9872.999999999998,14.872999999999998
2017-09-11,600410,华胜天成,sell,10.06,900,9054.0,14.054
2017-10-10,300589,江龙船艇,buy,9.93,800,7944.0,5.0
2017-10-10,002467,二六三,buy,6.34,1400,8876.0,5.0
2017-10-10,002009,天奇股份,buy,16.37,500,8185.000000000001,5.0
2017-10-17,300589,江龙船艇,sell,9.56,800,7648.0,12.648
2017-10-17,002009,天奇股份,sell,15.68,500,7840.0,12.84
2017-10-17,002843,泰嘉股份,buy,17.12,200,3424.0,5.0
2017-10-17,600893,航发动力,buy,31.33,100,3133.0,5.0
2017-10-18,002467,二六三,sell,5.51,1400,7714.0,12.714
2017-10-18,300567,精测电子,buy,37.53,200,7506.0,5.0
2017-10-20,002843,泰嘉股份,sell,15.8,200,3160.0,8.16
2017-10-20,300486,东杰智能,buy,11.85,400,4740.0,5.0
2017-10-24,600893,航发动力,sell,30.36,100,3036.0,8.036
2017-10-24,300567,精测电子,sell,36.26,200,7252.0,12.251999999999999
2017-10-24,300486,东杰智能,sell,11.42,400,4568.0,9.568000000000001
2017-10-25,300258,精锻科技,buy,16.52,500,8260.0,5.0
2017-10-25,002843,泰嘉股份,buy,16.77,500,8385.0,5.0
2017-10-25,002009,天奇股份,buy,16.08,500,8039.999999999999,5.0
2017-10-31,300258,精锻科技,sell,14.79,500,7395.0,12.395
2017-10-31,002009,天奇股份,sell,15.16,500,7580.0,12.58
2017-10-31,603331,百达精工,buy,16.65,200,3329.9999999999995,5.0
2017-10-31,002510,天汽模,buy,8.93,300,2679.0,5.0
2017-11-03,002510,天汽模,sell,7.19,300,2157.0,7.157
2017-11-03,300567,精测电子,buy,40.24,100,4024.0,5.0
2017-11-08,002843,泰嘉股份,sell,19.12,500,9560.0,14.56
2017-11-08,603331,百达精工,sell,16.67,200,3334.0000000000005,8.334
2017-11-08,300567,精测电子,sell,39.14,100,3914.0,8.914
2017-11-09,000839,国安股份,buy,13.26,600,7956.0,5.0
2017-11-09,002843,泰嘉股份,buy,20.16,400,8064.0,5.0
2017-11-09,000021,深科技,buy,9.08,900,8172.0,5.0
2017-11-15,002843,泰嘉股份,sell,17.76,400,7104.000000000001,12.104000000000001
2017-11-15,002009,天奇股份,buy,18.65,100,1864.9999999999998,5.0
2017-11-17,000839,国安股份,sell,11.18,600,6708.0,11.708
2017-11-17,603021,ST华鹏,buy,12.91,200,2582.0,5.0
2017-11-20,000021,深科技,sell,8.9,900,8010.0,13.01
2017-11-20,002009,天奇股份,sell,17.09,100,1709.0,6.709
2017-11-20,300369,绿盟科技,buy,10.91,500,5455.0,5.0
2017-11-20,300449,汉邦高科,buy,13.38,400,5352.0,5.0
2017-11-22,300369,绿盟科技,sell,9.57,500,4785.0,9.785
2017-11-22,000021,深科技,buy,9.08,700,6356.0,5.0
2017-11-23,603021,ST华鹏,sell,12.81,200,2562.0,7.561999999999999
2017-11-23,300449,汉邦高科,sell,13.01,400,5204.0,10.204
2017-11-23,000021,深科技,sell,8.53,700,5971.0,10.971
2018-01-22,603103,横店影视,buy,21.56,400,8624.0,5.0
2018-01-22,300107,建新股份,buy,7.08,1300,9204.0,5.0
2018-01-22,600984,建设机械,buy,4.02,2400,9647.999999999998,5.0
2018-02-01,600984,建设机械,sell,3.67,2400,8808.0,13.808
2018-02-01,300369,绿盟科技,buy,10.06,100,1006.0,5.0
2018-02-05,603103,横店影视,sell,22.8,400,9120.0,14.120000000000001
2018-02-05,300107,建新股份,sell,7.65,1300,9945.0,14.945
2018-02-05,300369,绿盟科技,sell,10.06,100,1006.0,6.006
2018-09-25,300132,青松股份,buy,12.99,600,7794.0,5.0
2018-09-25,603466,风语筑,buy,8.3,900,7470.000000000001,5.0
2018-09-25,300719,安达维尔,buy,13.83,500,6915.0,5.0
2018-09-28,300719,安达维尔,sell,12.7,500,6350.0,11.350000000000001
2018-09-28,300107,建新股份,buy,12.63,200,2526.0,5.0
2018-10-09,603466,风语筑,sell,7.47,900,6723.0,11.722999999999999
2018-10-09,600984,建设机械,buy,4.01,1700,6817.0,5.0
2018-10-12,300132,青松股份,sell,12.5,600,7500.0,12.5
2018-10-12,600984,建设机械,sell,3.85,1700,6545.0,11.545
2018-10-12,300589,江龙船艇,buy,7.76,700,5432.0,5.0
2018-10-12,300449,汉邦高科,buy,8.39,600,5034.0,5.0
2018-10-15,300107,建新股份,sell,11.26,200,2252.0,7.252000000000001
2018-10-15,300718,长盛轴承,buy,8.08,500,4040.0,5.0
2018-10-16,300589,江龙船艇,sell,7.35,700,5145.0,10.145
2018-10-16,000890,法尔胜,buy,4.01,1200,4812.0,5.0
2018-10-16,300449,汉邦高科,sell,8.3,600,4980.0,9.98
2018-10-16,300718,长盛轴承,sell,7.53,500,3765.0,8.765
2018-10-16,000890,法尔胜,sell,4.01,1200,4812.0,9.812000000000001
2019-01-30,300567,精测电子,buy,33.96,200,6792.0,5.0
2019-01-30,300065,海兰信,buy,7.57,1000,7570.0,5.0
2019-01-30,300107,建新股份,buy,9.07,800,7256.0,5.0
2019-02-20,300567,精测电子,sell,39.46,200,7892.0,12.892
2019-02-20,300065,海兰信,sell,8.47,1000,8470.0,13.47
2019-02-20,300107,建新股份,sell,9.73,800,7784.0,12.783999999999999
2019-02-21,300449,汉邦高科,buy,9.54,1000,9540.0,5.0
2019-02-21,000839,国安股份,buy,3.87,2500,9675.0,5.0
2019-02-21,000859,国风新材,buy,6.53,1500,9795.0,5.0
2019-02-21,300449,汉邦高科,buy,9.54,4000,38160.0,11.447999999999999
2019-03-06,000839,国安股份,sell,5.66,2500,14150.0,19.15
2019-03-07,000859,国风新材,sell,8.91,1500,13365.0,18.365000000000002
2019-03-07,300719,安达维尔,buy,11.56,700,8092.0,5.0
2019-03-07,300486,东杰智能,buy,7.17,1200,8604.0,5.0
2019-03-11,300719,安达维尔,sell,11.52,700,8064.0,13.064
2019-03-11,300486,东杰智能,sell,7.04,1200,8448.0,13.448
2019-03-11,000021,深科技,buy,7.56,800,6048.0,5.0
2019-03-11,603090,宏盛股份,buy,14.69,400,5876.0,5.0
2019-03-15,000021,深科技,sell,6.98,800,5584.0,10.584
2019-03-15,300719,安达维尔,buy,12.54,500,6270.0,5.0
2019-03-22,300449,汉邦高科,sell,13.2,5000,66000.0,85.8
2019-03-22,000021,深科技,buy,9.15,700,6405.0,5.0
2019-03-25,300719,安达维尔,sell,12.1,500,6050.0,11.05
2019-03-25,002843,泰嘉股份,buy,9.95,2200,21890.0,6.566999999999999
2019-03-28,000021,深科技,sell,8.14,700,5698.0,10.698
2019-03-28,300567,精测电子,buy,51.22,300,15366.0,5.0
2019-03-29,002843,泰嘉股份,sell,9.82,2200,21604.0,28.0852
2019-03-29,300065,海兰信,buy,11.82,1300,15366.0,5.0
2019-04-12,300065,海兰信,sell,11.47,1300,14911.0,19.911
2019-04-12,601777,千里科技,buy,5.63,3000,16890.0,5.066999999999999
2019-04-19,601777,千里科技,sell,9.06,3000,27180.0,35.334
2019-04-19,002498,汉缆股份,buy,3.51,7600,26676.0,8.002799999999999
2019-04-24,002498,汉缆股份,sell,3.33,7600,25308.0,32.9004
2019-04-24,000859,国风新材,buy,7.69,2200,16918.0,5.075399999999999
2019-04-26,000859,国风新材,sell,6.35,2200,13970.0,18.97
2019-04-26,000890,法尔胜,buy,8.1,2300,18630.0,5.5889999999999995
2019-04-29,300567,精测电子,sell,47.74,300,14322.0,19.322000000000003
2019-04-29,603045,福达合金,buy,24.05,900,21645.0,6.493499999999999
2019-04-30,603090,宏盛股份,sell,14.07,400,5628.0,10.628
2019-04-30,000890,法尔胜,sell,6.56,2300,15088.0,20.088
2019-04-30,600410,华胜天成,buy,10.36,1200,12432.0,5.0
2019-04-30,002467,二六三,buy,5.19,2400,12456.000000000002,5.0
2019-05-06,603045,福达合金,sell,19.83,900,17847.0,23.2011
2019-05-06,601777,千里科技,buy,6.34,4700,29798.0,8.9394
2019-05-06,600410,华胜天成,sell,9.69,1200,11628.0,16.628
2019-05-06,002467,二六三,sell,4.77,2400,11447.999999999998,16.448
2019-05-06,601777,千里科技,sell,6.34,4700,29798.0,38.7374
2019-06-20,603103,横店影视,buy,19.17,600,11502.000000000002,5.0
2019-06-20,300567,精测电子,buy,49.0,200,9800.0,5.0
2019-06-20,300719,安达维尔,buy,11.78,1000,11780.0,5.0
2019-06-20,603103,横店影视,buy,19.17,2600,49842.00000000001,14.9526
2019-06-21,300719,安达维尔,buy,12.29,800,9832.0,5.0
2019-06-24,603103,横店影视,sell,16.59,3200,53088.0,69.0144
2019-07-04,300567,精测电子,sell,50.21,200,10042.0,15.042
2019-07-04,300719,安达维尔,sell,12.18,1800,21924.0,28.501199999999997
2019-09-12,001896,豫能控股,buy,3.94,2800,11032.0,5.0
2019-09-12,000638,*ST万方,buy,5.61,1900,10659.0,5.0
2019-09-12,002169,智光电气,buy,6.46,1700,10982.0,5.0
2019-09-18,001896,豫能控股,sell,3.59,2800,10052.0,15.052
2019-09-18,000638,*ST万方,sell,5.37,1900,10203.0,15.203
2019-09-18,002169,智光电气,sell,6.06,1700,10302.0,15.302
2019-09-18,600977,中国电影,buy,15.38,200,3076.0,5.0
2019-09-18,300258,精锻科技,buy,11.24,400,4496.0,5.0
2019-09-18,300719,安达维尔,buy,13.16,300,3948.0,5.0
2019-09-27,300258,精锻科技,sell,10.59,400,4236.0,9.236
2019-09-27,300719,安达维尔,sell,12.29,300,3686.9999999999995,8.687
2019-09-27,300251,光线传媒,buy,8.92,500,4460.0,5.0
2019-09-27,002169,智光电气,buy,7.71,600,4626.0,5.0
2019-09-27,600977,中国电影,sell,15.26,200,3052.0,8.052
2019-09-27,300251,光线传媒,sell,8.92,500,4460.0,9.46
2019-09-27,002169,智光电气,sell,7.71,600,4626.0,9.626000000000001
2019-12-17,300486,东杰智能,buy,8.95,1200,10740.0,5.0
2019-12-17,000021,深科技,buy,11.17,900,10053.0,5.0
2019-12-17,002355,兴民智通,buy,6.82,1500,10230.0,5.0
2019-12-24,000021,深科技,sell,10.37,900,9333.0,14.333
2019-12-24,002510,天汽模,buy,4.16,300,1248.0,5.0
2019-12-31,300486,东杰智能,sell,9.05,1200,10860.0,15.86
2019-12-31,002355,兴民智通,sell,6.76,1500,10140.0,15.14
2019-12-31,002510,天汽模,sell,4.61,300,1383.0,6.383
2020-01-02,600984,建设机械,buy,8.38,1200,10056.000000000002,5.0
2020-01-02,600893,航发动力,buy,21.56,400,8624.0,5.0
2020-01-02,002510,天汽模,buy,4.65,2300,10695.0,5.0
2020-01-09,002510,天汽模,sell,6.51,2300,14973.0,19.973
2020-01-09,300719,安达维尔,buy,12.09,100,1209.0,5.0
2020-01-16,600984,建设机械,sell,9.32,1200,11184.0,16.184
2020-01-16,600893,航发动力,sell,21.46,400,8584.0,13.584
2020-01-16,300719,安达维尔,sell,11.67,100,1167.0,6.167
2020-03-03,600629,华建集团,buy,5.24,1800,9432.0,5.0
2020-03-03,603090,宏盛股份,buy,16.34,500,8170.0,5.0
2020-03-03,000738,航发控制,buy,13.67,600,8202.0,5.0
2020-03-10,000738,航发控制,sell,13.23,600,7938.0,12.937999999999999
2020-03-10,603331,百达精工,buy,11.1,300,3330.0,5.0
2020-03-16,600629,华建集团,sell,4.77,1800,8586.0,13.586
2020-03-16,603090,宏盛股份,sell,14.62,500,7310.0,12.31
2020-03-16,000738,航发控制,buy,14.08,400,5632.0,5.0
2020-03-16,002169,智光电气,buy,9.34,600,5604.0,5.0
2020-03-17,603331,百达精工,sell,12.03,300,3609.0,8.609
2020-03-17,000738,航发控制,sell,14.01,400,5604.0,10.604
2020-03-17,002169,智光电气,sell,10.19,600,6114.0,11.114
2020-07-01,603960,克来机电,buy,28.85,300,8655.0,5.0
2020-07-01,300100,双林股份,buy,3.18,3500,11130.0,5.0
2020-07-01,603297,永新光学,buy,41.61,200,8322.0,5.0
2020-07-01,603960,克来机电,buy,28.85,1600,46160.0,13.847999999999999
2020-07-02,603960,克来机电,buy,30.65,300,9195.0,5.0
2020-07-13,603960,克来机电,sell,39.33,2200,86526.0,112.4838
2020-07-13,300251,光线传媒,buy,14.55,200,2910.0,5.0
2020-07-17,603297,永新光学,sell,39.08,200,7816.0,12.815999999999999
2020-07-17,300251,光线传媒,sell,13.43,200,2686.0,7.686
2020-07-17,300449,汉邦高科,buy,11.05,1600,17680.0,5.303999999999999
2020-07-17,002655,共达电声,buy,14.4,1200,17280.0,5.183999999999999
2020-07-21,002655,共达电声,sell,11.65,1200,13980.0,18.98
2020-07-21,300718,长盛轴承,buy,10.84,2500,27100.0,8.129999999999999
2020-07-27,300718,长盛轴承,sell,10.02,2500,25050.0,32.565
2020-07-27,000890,法尔胜,buy,2.94,4700,13818.0,5.0
2020-07-30,000890,法尔胜,sell,2.67,4700,12549.0,17.549
2020-07-30,000798,中水渔业,buy,7.43,3000,22290.0,6.686999999999999
2020-08-06,300449,汉邦高科,sell,16.15,1600,25839.999999999996,33.59199999999999
2020-08-06,002009,天奇股份,buy,10.4,1300,13520.0,5.0
2020-08-10,002009,天奇股份,sell,9.41,1300,12233.0,17.233
2020-08-10,300424,航新科技,buy,18.18,1200,21816.0,6.5447999999999995
2020-08-20,300424,航新科技,sell,16.05,1200,19260.0,25.038
2020-08-20,002510,天汽模,buy,5.26,2800,14728.0,5.0
2020-08-26,002510,天汽模,sell,4.87,2800,13636.0,18.636000000000003
2020-08-26,300251,光线传媒,buy,16.16,1300,21008.0,6.3024
2020-08-28,300100,双林股份,sell,5.82,3500,20370.0,26.481
2020-08-28,300251,光线传媒,sell,15.48,1300,20124.0,26.161199999999997
2020-08-28,002703,浙江世宝,buy,5.44,2000,10880.0,5.0
2020-08-28,300107,建新股份,buy,6.49,1700,11033.0,5.0
2020-09-04,002703,浙江世宝,sell,5.26,2000,10520.0,15.52
2020-09-04,300779,惠城环保,buy,17.19,1000,17190.0,5.156999999999999
2020-09-08,000798,中水渔业,sell,6.91,3000,20730.0,26.948999999999998
2020-09-08,300449,汉邦高科,buy,17.51,900,15759.000000000002,5.0
2020-09-09,300107,建新股份,sell,6.82,1700,11594.0,16.594
2020-09-09,300779,惠城环保,sell,17.25,1000,17250.0,22.425
2020-09-09,300449,汉邦高科,sell,17.05,900,15345.0,20.345
2020-09-10,300449,汉邦高科,buy,15.79,2400,37896.0,11.368799999999998
2020-09-10,601777,千里科技,buy,4.97,7900,39263.0,11.778899999999998
2020-09-10,300100,双林股份,buy,7.84,5000,39200.0,11.76
2020-09-10,300449,汉邦高科,sell,15.79,2400,37896.0,49.2648
2020-09-10,601777,千里科技,sell,4.97,7900,39263.0,51.0419
2020-09-10,300100,双林股份,sell,7.84,5000,39200.0,50.96
2020-09-11,300449,汉邦高科,buy,16.0,2400,38400.0,11.52
2020-09-11,601777,千里科技,buy,5.22,7500,39150.0,11.745
2020-09-11,603466,风语筑,buy,9.12,4300,39216.0,11.7648
2020-09-11,603466,风语筑,sell,9.12,4300,39216.0,50.9808
2020-09-14,300719,安达维尔,buy,17.84,2200,39248.0,11.774399999999998
2020-09-14,300719,安达维尔,sell,17.84,2200,39248.0,51.0224
2020-09-15,000638,*ST万方,buy,6.96,2800,19488.0,5.846399999999999
2020-09-15,300449,汉邦高科,sell,14.04,1900,26676.0,34.6788
2020-09-16,300449,汉邦高科,sell,13.74,500,6870.0,11.870000000000001
2020-09-16,603466,风语筑,buy,9.6,2400,23040.0,6.911999999999999
2020-09-16,603466,风语筑,sell,9.6,1600,15360.0,20.36
2020-09-17,601777,千里科技,sell,5.88,7500,44100.0,57.33
2020-09-17,000638,*ST万方,sell,6.48,2800,18144.0,23.587200000000003
2020-09-17,603466,风语筑,sell,9.41,800,7528.0,12.528
2020-09-18,601777,千里科技,buy,5.59,6900,38571.0,11.571299999999999
2020-09-18,000638,*ST万方,buy,7.13,5400,38502.0,11.5506
2020-09-18,300107,建新股份,buy,7.2,5300,38160.0,11.447999999999999
2020-09-21,601777,千里科技,sell,5.34,6900,36846.0,47.8998
2020-09-21,300107,建新股份,sell,7.01,5300,37153.0,48.298899999999996
2020-09-22,000638,*ST万方,sell,6.95,5400,37530.0,48.789
2020-09-22,300719,安达维尔,buy,24.29,700,17003.0,5.100899999999999
2020-09-22,300589,江龙船艇,buy,14.61,1200,17532.0,5.2596
2020-09-22,300424,航新科技,buy,18.6,1000,18600.0,5.579999999999999
2020-09-22,300719,安达维尔,sell,24.29,700,17003.0,22.1039
2020-09-22,300589,江龙船艇,sell,14.61,1200,17532.0,22.7916
2020-09-22,300424,航新科技,sell,18.6,1000,18600.0,24.18
2020-09-23,300132,青松股份,buy,25.42,1400,35588.0,10.6764
2020-09-23,300719,安达维尔,buy,21.95,1700,37315.0,11.1945
2020-09-23,300424,航新科技,buy,18.11,2000,36220.0,10.866
2020-09-23,300132,青松股份,sell,25.42,1400,35588.0,46.2644
2020-09-23,300719,安达维尔,sell,21.95,1700,37315.0,48.509499999999996
2020-09-23,300424,航新科技,sell,18.11,2000,36220.0,47.086
2020-09-24,300132,青松股份,buy,25.52,1400,35728.0,10.718399999999999
2020-09-24,000638,*ST万方,buy,8.42,4400,37048.0,11.1144
2020-09-24,300719,安达维尔,buy,20.39,1800,36702.0,11.010599999999998
2020-09-24,300132,青松股份,sell,25.52,1400,35728.0,46.4464
2020-09-24,000638,*ST万方,sell,8.42,4400,37048.0,48.162400000000005
2020-09-24,300719,安达维尔,sell,20.39,1800,36702.0,47.712599999999995
2020-09-25,300719,安达维尔,buy,22.84,1600,36544.0,10.963199999999999
2020-09-25,000638,*ST万方,buy,7.62,4800,36576.0,10.9728
2020-09-25,300589,江龙船艇,buy,16.03,2300,36869.0,11.060699999999999
2020-09-25,300719,安达维尔,sell,22.84,1600,36544.0,47.507200000000005
2020-09-25,000638,*ST万方,sell,7.62,4800,36576.0,47.5488
2020-09-25,300589,江龙船艇,sell,16.03,2300,36869.0,47.9297
2020-09-28,300719,安达维尔,buy,22.12,1600,35392.0,10.6176
2020-09-28,300589,江龙船艇,buy,15.38,2400,36912.0,11.073599999999999
2020-09-28,300424,航新科技,buy,19.18,1900,36442.0,10.932599999999999
2020-09-28,300719,安达维尔,sell,22.12,1600,35392.0,46.009600000000006
2020-09-28,300589,江龙船艇,sell,15.38,2400,36912.0,47.9856
2020-09-28,300424,航新科技,sell,19.18,1900,36442.0,47.3746
2020-09-29,300424,航新科技,buy,19.94,1800,35892.0,10.7676
2020-09-29,300719,安达维尔,buy,26.03,1400,36442.0,10.932599999999999
2020-09-29,300132,青松股份,buy,25.78,1400,36092.0,10.827599999999999
2020-09-29,300424,航新科技,sell,19.94,1800,35892.0,46.659600000000005
2020-09-29,300719,安达维尔,sell,26.03,1400,36442.0,47.3746
2020-09-29,300132,青松股份,sell,25.78,1400,36092.0,46.919599999999996
2020-09-30,300719,安达维尔,buy,25.94,1400,36316.0,10.894799999999998
2020-09-30,300589,江龙船艇,buy,19.59,1800,35262.0,10.5786
2020-09-30,300424,航新科技,buy,19.37,1900,36803.0,11.040899999999999
2020-09-30,300719,安达维尔,sell,25.94,1400,36316.0,47.2108
2020-09-30,300589,江龙船艇,sell,19.59,1800,35262.0,45.8406
2020-09-30,300424,航新科技,sell,19.37,1900,36803.0,47.8439
2020-10-09,300424,航新科技,buy,20.75,1700,35275.0,10.5825
2020-10-09,601777,千里科技,buy,5.85,6300,36855.0,11.0565
2020-10-09,300719,安达维尔,buy,26.97,1300,35061.0,10.518299999999998
2020-10-09,300424,航新科技,sell,20.75,1700,35275.0,45.8575
2020-10-09,601777,千里科技,sell,5.85,6300,36855.0,47.911500000000004
2020-10-09,300719,安达维尔,sell,26.97,1300,35061.0,45.579299999999996
2020-10-12,600397,江钨装备,buy,3.09,14300,44187.0,13.256099999999998
2020-10-12,300424,航新科技,buy,24.91,1700,42347.0,12.704099999999999
2020-10-12,601777,千里科技,buy,6.14,3900,23946.0,7.1838
2020-10-15,601777,千里科技,sell,5.6,3900,21840.0,28.392
2020-10-16,000021,深科技,buy,22.57,400,9028.0,5.0
2020-10-16,600397,江钨装备,sell,3.27,14300,46761.0,60.7893
2020-10-16,300424,航新科技,sell,23.92,1700,40664.0,52.8632
2020-10-16,000021,深科技,sell,22.57,400,9028.0,14.028
2020-10-19,300718,长盛轴承,buy,11.92,900,10728.0,5.0
2020-10-19,600977,中国电影,buy,15.26,700,10682.0,5.0
2020-10-19,600397,江钨装备,buy,3.13,3400,10642.0,5.0
2020-10-26,600977,中国电影,sell,12.75,700,8925.0,13.925
2020-10-26,600397,江钨装备,sell,2.79,3400,9486.0,14.486
2020-10-26,300100,双林股份,buy,11.98,400,4792.0,5.0
2020-10-26,300812,易天股份,buy,29.73,100,2973.0,5.0
2020-10-28,300100,双林股份,sell,10.69,400,4276.0,9.276
2020-10-28,688001,华兴源创,buy,43.35,100,4335.0,5.0
2020-10-30,300812,易天股份,sell,29.72,100,2972.0,7.9719999999999995
2020-10-30,603466,风语筑,buy,9.34,500,4670.0,5.0
2020-11-02,300718,长盛轴承,sell,13.04,900,11736.0,16.736
2020-11-02,688001,华兴源创,sell,42.29,100,4229.0,9.229
2020-11-02,603466,风语筑,sell,9.67,500,4835.0,9.835
2020-11-25,601777,千里科技,buy,6.0,1700,10200.0,5.0
2020-11-25,002703,浙江世宝,buy,5.63,1800,10134.0,5.0
2020-11-25,600893,航发动力,buy,40.91,200,8181.999999999999,5.0
2020-11-30,601777,千里科技,sell,5.51,1700,9367.0,14.367
2020-11-30,000798,中水渔业,buy,7.37,400,2948.0,5.0
2020-12-07,002703,浙江世宝,sell,5.12,1800,9216.0,14.216000000000001
2020-12-07,000798,中水渔业,sell,11.55,400,4620.0,9.620000000000001
2020-12-07,300449,汉邦高科,buy,13.07,400,5228.0,5.0
2020-12-07,002355,兴民智通,buy,6.72,800,5376.0,5.0
2020-12-09,600893,航发动力,sell,44.23,200,8846.0,13.846
2020-12-09,300449,汉邦高科,sell,11.93,400,4772.0,9.772
2020-12-09,002355,兴民智通,sell,6.02,800,4816.0,9.815999999999999
2020-12-31,600893,航发动力,buy,58.68,200,11736.0,5.0
2020-12-31,000738,航发控制,buy,22.45,500,11225.0,5.0
2020-12-31,001896,豫能控股,buy,9.63,1300,12519.000000000002,5.0
2020-12-31,600893,航发动力,buy,58.68,800,46944.0,14.083199999999998
2021-01-07,001896,豫能控股,sell,8.44,1300,10972.0,15.972
2021-01-07,002703,浙江世宝,buy,5.6,2500,14000.0,5.0
2021-01-20,600893,航发动力,sell,70.23,1000,70230.0,91.299
2021-01-20,000738,航发控制,sell,23.51,500,11755.0,16.755000000000003
2021-01-20,002703,浙江世宝,sell,7.07,2500,17675.0,22.9775
2021-01-25,000890,法尔胜,buy,3.48,4100,14268.0,5.0
2021-01-25,002843,泰嘉股份,buy,8.34,1700,14178.0,5.0
2021-01-25,000021,深科技,buy,20.23,700,14161.0,5.0
2021-02-01,002843,泰嘉股份,sell,8.13,1700,13821.000000000002,18.821
2021-02-01,300251,光线传媒,buy,13.06,1400,18284.0,5.4852
2021-02-05,000021,深科技,sell,17.97,700,12579.0,17.579
2021-02-05,300486,东杰智能,buy,10.56,2300,24288.0,7.2863999999999995
2021-02-08,000890,法尔胜,sell,5.13,4100,21033.0,27.3429
2021-02-08,300251,光线传媒,sell,12.24,1400,17136.0,22.276799999999998
2021-02-08,600977,中国电影,buy,12.7,1600,20320.0,6.095999999999999
2021-02-08,000890,法尔胜,buy,5.13,4000,20520.0,6.156
2021-02-19,000890,法尔胜,sell,4.62,4000,18480.0,24.024
2021-02-19,600984,建设机械,buy,9.59,2400,23016.0,6.9048
2021-03-04,300486,东杰智能,sell,10.22,2300,23506.0,30.5578
2021-03-04,600977,中国电影,sell,13.31,1600,21296.0,27.6848
2021-03-04,600984,建设机械,sell,11.85,2400,28440.0,36.972
2021-03-05,300589,江龙船艇,buy,15.35,2700,41445.0,12.433499999999999
2021-03-05,688579,山大地纬,buy,13.33,3100,41323.0,12.396899999999999
2021-03-05,001896,豫能控股,buy,7.51,5600,42056.0,12.6168
2021-03-05,300589,江龙船艇,sell,15.35,2700,41445.0,53.8785
2021-03-05,688579,山大地纬,sell,13.33,3100,41323.0,53.719899999999996
2021-03-05,001896,豫能控股,sell,7.51,5600,42056.0,54.672799999999995
2021-03-08,300132,青松股份,buy,21.52,1900,40888.0,12.266399999999999
2021-03-08,001896,豫能控股,buy,7.71,5400,41634.0,12.4902
2021-03-08,603297,永新光学,buy,38.04,1100,41844.0,12.553199999999999
2021-03-08,300132,青松股份,sell,21.52,1900,40888.0,53.154399999999995
2021-03-08,001896,豫能控股,sell,7.71,5400,41634.0,54.1242
2021-03-08,603297,永新光学,sell,38.04,1100,41844.0,54.3972
2021-03-09,300132,青松股份,buy,20.46,2000,40920.0,12.276
2021-03-09,300107,建新股份,buy,5.44,7700,41888.0,12.566399999999998
2021-03-09,001896,豫能控股,buy,6.94,6100,42334.0,12.700199999999999
2021-03-09,300132,青松股份,sell,20.46,2000,40920.0,53.196
2021-03-09,300107,建新股份,sell,5.44,7700,41888.0,54.45439999999999
2021-03-09,001896,豫能控股,sell,6.94,6100,42334.0,55.0342
2021-03-10,002355,兴民智通,buy,5.45,7700,41965.0,12.5895
2021-03-10,300132,青松股份,buy,20.4,2000,40800.0,12.239999999999998
2021-03-10,600397,江钨装备,buy,2.6,16200,42120.0,12.636
2021-03-10,002355,兴民智通,sell,5.45,7700,41965.0,54.554500000000004
2021-03-10,300132,青松股份,sell,20.4,2000,40800.0,53.040000000000006
2021-03-10,600397,江钨装备,sell,2.6,16200,42120.0,54.756
2021-03-11,603297,永新光学,buy,38.49,1000,38490.0,11.546999999999999
2021-03-11,300766,每日互动,buy,15.93,2600,41418.0,12.4254
2021-03-11,605255,天普股份,buy,14.54,2900,42166.0,12.649799999999999
2021-03-11,603297,永新光学,sell,38.49,1000,38490.0,50.037
2021-03-11,300766,每日互动,sell,15.93,2600,41418.0,53.8434
2021-03-11,605255,天普股份,sell,14.54,2900,42166.0,54.8158
2021-03-12,002009,天奇股份,buy,9.33,4500,41985.0,12.5955
2021-03-12,002169,智光电气,buy,6.51,6400,41664.0,12.499199999999998
2021-03-12,000638,*ST万方,buy,5.2,8100,42120.0,12.636
2021-03-12,002009,天奇股份,sell,9.33,4500,41985.0,54.5805
2021-03-12,002169,智光电气,sell,6.51,6400,41664.0,54.1632
2021-03-12,000638,*ST万方,sell,5.2,8100,42120.0,54.756
2021-03-15,002009,天奇股份,buy,9.27,4500,41715.0,12.514499999999998
2021-03-15,600397,江钨装备,buy,2.9,14500,42050.0,12.614999999999998
2021-03-15,603103,横店影视,buy,15.26,2700,41202.0,12.360599999999998
2021-03-15,002009,天奇股份,sell,9.27,4500,41715.0,54.2295
2021-03-15,600397,江钨装备,sell,2.9,14500,42050.0,54.665000000000006
2021-03-15,603103,横店影视,sell,15.26,2700,41202.0,53.562599999999996
2021-03-16,002498,汉缆股份,buy,3.96,10600,41976.0,12.592799999999999
2021-03-16,002009,天奇股份,buy,9.19,4500,41355.0,12.4065
2021-03-16,002169,智光电气,buy,6.6,6300,41580.0,12.473999999999998
2021-03-16,002498,汉缆股份,sell,3.96,10600,41976.0,54.568799999999996
2021-03-16,002009,天奇股份,sell,9.19,4500,41355.0,53.761500000000005
2021-03-16,002169,智光电气,sell,6.6,6300,41580.0,54.053999999999995
2021-03-17,300812,易天股份,buy,23.48,1700,39916.0,11.974799999999998
2021-03-17,002498,汉缆股份,buy,3.91,10700,41837.0,12.551099999999998
2021-03-17,002009,天奇股份,buy,9.25,4500,41625.0,12.487499999999999
2021-03-17,300812,易天股份,sell,23.48,1700,39916.0,51.8908
2021-03-17,002498,汉缆股份,sell,3.91,10700,41837.0,54.3881
2021-03-17,002009,天奇股份,sell,9.25,4500,41625.0,54.1125
2021-03-18,300812,易天股份,buy,23.11,1800,41598.0,12.479399999999998
2021-03-18,002498,汉缆股份,buy,3.92,10600,41552.0,12.465599999999998
2021-03-18,002169,智光电气,buy,6.76,6100,41236.0,12.3708
2021-03-18,300812,易天股份,sell,23.11,1800,41598.0,54.0774
2021-03-18,002498,汉缆股份,sell,3.92,10600,41552.0,54.0176
2021-03-18,002169,智光电气,sell,6.76,6100,41236.0,53.60680000000001
2021-03-19,002498,汉缆股份,buy,3.84,10800,41472.0,12.4416
2021-03-19,000798,中水渔业,buy,10.27,4000,41080.0,12.323999999999998
2021-03-19,603090,宏盛股份,buy,12.83,3200,41056.0,12.316799999999999
2021-03-19,002498,汉缆股份,sell,3.84,10800,41472.0,53.9136
2021-03-19,000798,中水渔业,sell,10.27,4000,41080.0,53.403999999999996
2021-03-19,603090,宏盛股份,sell,12.83,3200,41056.0,53.3728
2021-03-22,002355,兴民智通,buy,6.13,6800,41684.0,12.505199999999999
2021-03-22,002169,智光电气,buy,7.15,5800,41470.0,12.440999999999999
2021-03-22,603090,宏盛股份,buy,12.98,3200,41536.0,12.460799999999999
2021-03-22,002355,兴民智通,sell,6.13,6800,41684.0,54.1892
2021-03-22,002169,智光电气,sell,7.15,5800,41470.0,53.911
2021-03-22,603090,宏盛股份,sell,12.98,3200,41536.0,53.9968
2021-03-23,001896,豫能控股,buy,7.55,5500,41525.0,12.4575
2021-03-23,002169,智光电气,buy,7.31,5700,41667.0,12.5001
2021-03-23,300812,易天股份,buy,22.05,1800,39690.0,11.906999999999998
2021-03-23,001896,豫能控股,sell,7.55,5500,41525.0,53.9825
2021-03-23,002169,智光电气,sell,7.31,5700,41667.0,54.167100000000005
2021-03-23,300812,易天股份,sell,22.05,1800,39690.0,51.596999999999994
2021-03-24,002169,智光电气,buy,7.07,5800,41006.0,12.301799999999998
2021-03-24,000890,法尔胜,buy,5.39,7700,41503.0,12.450899999999999
2021-03-24,002355,兴民智通,buy,6.24,6600,41184.0,12.355199999999998
2021-03-24,002169,智光电气,sell,7.07,5800,41006.0,53.3078
2021-03-24,000890,法尔胜,sell,5.39,7700,41503.0,53.9539
2021-03-24,002355,兴民智通,sell,6.24,6600,41184.0,53.539199999999994
2021-03-25,000890,法尔胜,buy,5.33,7700,41041.0,12.312299999999999
2021-03-25,002355,兴民智通,buy,6.17,6700,41339.0,12.401699999999998
2021-03-25,300369,绿盟科技,buy,17.53,2300,40319.0,12.095699999999999
2021-03-25,000890,法尔胜,sell,5.33,7700,41041.0,53.353300000000004
2021-03-25,002355,兴民智通,sell,6.17,6700,41339.0,53.7407
2021-03-25,300369,绿盟科技,sell,17.53,2300,40319.0,52.4147
2021-03-26,002355,兴民智通,buy,6.42,6400,41088.0,12.3264
2021-03-26,300369,绿盟科技,buy,18.05,2200,39710.0,11.912999999999998
2021-03-26,300449,汉邦高科,buy,8.55,4800,41040.0,12.312
2021-03-26,002355,兴民智通,sell,6.42,6400,41088.0,53.4144
2021-03-26,300369,绿盟科技,sell,18.05,2200,39710.0,51.623
2021-03-26,300449,汉邦高科,sell,8.55,4800,41040.0,53.352
2021-03-29,002355,兴民智通,buy,6.6,6200,40920.0,12.276
2021-03-29,603297,永新光学,buy,39.87,1000,39870.0,11.960999999999999
2021-03-29,300369,绿盟科技,buy,18.02,2200,39644.0,11.893199999999998
2021-04-01,300369,绿盟科技,sell,16.92,2200,37224.00000000001,48.39120000000001
2021-04-01,002169,智光电气,buy,7.36,100,736.0,5.0
2021-04-14,002355,兴民智通,sell,5.51,6200,34162.0,44.4106
2021-04-14,000798,中水渔业,buy,10.68,900,9612.0,5.0
2021-04-15,603297,永新光学,sell,39.15,1000,39150.0,50.894999999999996
2021-04-15,002169,智光电气,sell,7.25,100,725.0,5.725
2021-04-15,000798,中水渔业,sell,9.61,900,8649.0,13.649000000000001
2021-06-28,002009,天奇股份,buy,11.75,900,10575.0,5.0
2021-06-28,300718,长盛轴承,buy,13.33,800,10664.0,5.0
2021-06-28,000021,深科技,buy,18.5,600,11100.0,5.0
2021-07-08,000021,深科技,sell,17.65,600,10590.0,15.59
2021-07-08,300779,惠城环保,buy,13.15,200,2630.0,5.0
2021-07-12,002009,天奇股份,sell,14.26,900,12834.0,17.834
2021-07-12,300718,长盛轴承,sell,15.88,800,12704.0,17.704
2021-07-12,300779,惠城环保,sell,15.44,200,3088.0,8.088000000000001
2021-07-13,300369,绿盟科技,buy,19.48,600,11688.0,5.0
2021-07-13,002988,豪美新材,buy,14.02,800,11216.0,5.0
2021-07-13,300779,惠城环保,buy,14.94,700,10458.0,5.0
2021-07-13,300369,绿盟科技,sell,19.48,600,11688.0,16.688000000000002
2021-07-13,002988,豪美新材,sell,14.02,800,11216.0,16.216
2021-07-13,300779,惠城环保,sell,14.94,700,10458.0,15.458
2021-07-14,002169,智光电气,buy,11.99,900,10791.0,5.0
2021-07-14,300369,绿盟科技,buy,19.53,600,11718.0,5.0
2021-07-14,000973,佛塑科技,buy,4.59,2500,11475.0,5.0
2021-07-14,002169,智光电气,sell,11.99,900,10791.0,15.791
2021-07-14,300369,绿盟科技,sell,19.53,600,11718.0,16.718
2021-07-14,000973,佛塑科技,sell,4.59,2500,11475.0,16.475
2021-07-15,300065,海兰信,buy,8.17,1400,11438.0,5.0
2021-07-15,300369,绿盟科技,buy,21.79,500,10895.0,5.0
2021-07-15,300779,惠城环保,buy,14.07,800,11256.0,5.0
2021-07-15,300065,海兰信,sell,8.17,1400,11438.0,16.438000000000002
2021-07-15,300369,绿盟科技,sell,21.79,500,10895.0,15.895
2021-07-15,300779,惠城环保,sell,14.07,800,11256.0,16.256
2021-07-16,300065,海兰信,buy,8.2,1400,11479.999999999998,5.0
2021-07-16,300369,绿盟科技,buy,21.71,500,10855.0,5.0
2021-07-16,002169,智光电气,buy,11.88,900,10692.0,5.0
2021-07-16,300065,海兰信,sell,8.2,1400,11479.999999999998,16.479999999999997
2021-07-16,300369,绿盟科技,sell,21.71,500,10855.0,15.855
2021-07-16,002169,智光电气,sell,11.88,900,10692.0,15.692
2021-07-19,300369,绿盟科技,buy,22.17,500,11085.0,5.0
2021-07-19,600893,航发动力,buy,54.21,200,10842.0,5.0
2021-07-19,300065,海兰信,buy,8.23,1400,11522.0,5.0
2021-07-19,300369,绿盟科技,sell,22.17,500,11085.0,16.085
2021-07-19,600893,航发动力,sell,54.21,200,10842.0,15.842
2021-07-19,300065,海兰信,sell,8.23,1400,11522.0,16.522
2021-07-20,300065,海兰信,buy,8.67,1300,11271.0,5.0
2021-07-20,300369,绿盟科技,buy,21.56,500,10780.0,5.0
2021-07-20,002169,智光电气,buy,12.19,900,10971.0,5.0
2021-07-20,300065,海兰信,sell,8.67,1300,11271.0,16.271
2021-07-20,300369,绿盟科技,sell,21.56,500,10780.0,15.78
2021-07-20,002169,智光电气,sell,12.19,900,10971.0,15.971
2021-07-21,300065,海兰信,buy,9.29,1200,11147.999999999998,5.0
2021-07-21,600893,航发动力,buy,57.66,200,11532.0,5.0
2021-07-21,300369,绿盟科技,buy,21.55,500,10775.0,5.0
2021-07-23,300065,海兰信,sell,8.88,1200,10656.000000000002,15.656000000000002
2021-07-23,002843,泰嘉股份,buy,8.78,400,3511.9999999999995,5.0
2021-07-26,300369,绿盟科技,sell,20.25,500,10125.0,15.125
2021-07-26,603090,宏盛股份,buy,14.33,600,8598.0,5.0
2021-07-26,600893,航发动力,sell,58.36,200,11672.0,16.672
2021-07-26,002843,泰嘉股份,sell,9.5,400,3800.0,8.8
2021-07-26,603090,宏盛股份,sell,14.33,600,8598.0,13.598
2021-07-27,002843,泰嘉股份,buy,8.75,1300,11375.0,5.0
2021-07-27,688510,航亚科技,buy,27.26,400,10904.0,5.0
2021-07-27,300567,精测电子,buy,72.06,100,7206.0,5.0
2021-07-27,002843,泰嘉股份,sell,8.75,1300,11375.0,16.375
2021-07-27,688510,航亚科技,sell,27.26,400,10904.0,15.904
2021-07-27,300567,精测电子,sell,72.06,100,7206.0,12.206
2021-07-28,002843,泰嘉股份,buy,8.51,1300,11063.0,5.0
2021-07-28,600641,先导基电,buy,23.64,400,9456.0,5.0
2021-07-28,688001,华兴源创,buy,43.6,200,8720.0,5.0
2021-07-28,002843,泰嘉股份,sell,8.51,1300,11063.0,16.063000000000002
2021-07-28,600641,先导基电,sell,23.64,400,9456.0,14.456
2021-07-28,688001,华兴源创,sell,43.6,200,8720.0,13.72
2021-07-29,300812,易天股份,buy,28.51,400,11404.0,5.0
2021-07-29,600984,建设机械,buy,8.85,1300,11505.0,5.0
2021-07-29,600641,先导基电,buy,25.35,400,10140.0,5.0
2021-07-29,300812,易天股份,sell,28.51,400,11404.0,16.404
2021-07-29,600984,建设机械,sell,8.85,1300,11505.0,16.505000000000003
2021-07-29,600641,先导基电,sell,25.35,400,10140.0,15.14
2021-07-30,600984,建设机械,buy,8.54,1300,11101.999999999998,5.0
2021-07-30,603045,福达合金,buy,13.21,800,10568.0,5.0
2021-07-30,688510,航亚科技,buy,26.82,400,10728.0,5.0
2021-07-30,600984,建设机械,sell,8.54,1300,11101.999999999998,16.101999999999997
2021-07-30,603045,福达合金,sell,13.21,800,10568.0,15.568
2021-07-30,688510,航亚科技,sell,26.82,400,10728.0,15.728
2021-08-02,300812,易天股份,buy,29.15,300,8745.0,5.0
2021-08-02,600984,建设机械,buy,9.08,1200,10896.0,5.0
2021-08-02,688510,航亚科技,buy,28.37,400,11348.0,5.0
2021-08-02,300812,易天股份,sell,29.15,300,8745.0,13.745000000000001
2021-08-02,600984,建设机械,sell,9.08,1200,10896.0,15.896
2021-08-02,688510,航亚科技,sell,28.37,400,11348.0,16.348
2021-08-03,300812,易天股份,buy,31.36,300,9408.0,5.0
2021-08-03,600984,建设机械,buy,9.15,1200,10980.0,5.0
2021-08-03,300369,绿盟科技,buy,24.37,400,9748.0,5.0
2021-08-03,300812,易天股份,sell,31.36,300,9408.0,14.408
2021-08-03,600984,建设机械,sell,9.15,1200,10980.0,15.98
2021-08-03,300369,绿盟科技,sell,24.37,400,9748.0,14.748
2021-08-04,002988,豪美新材,buy,15.03,700,10521.0,5.0
2021-08-04,600893,航发动力,buy,59.99,100,5999.0,5.0
2021-08-04,688586,江航装备,buy,15.14,700,10598.0,5.0
2021-08-04,002988,豪美新材,sell,15.03,700,10521.0,15.521
2021-08-04,600893,航发动力,sell,59.99,100,5999.0,10.999
2021-08-04,688586,江航装备,sell,15.14,700,10598.0,15.598
2021-08-05,300935,盈建科,buy,55.71,200,11142.0,5.0
2021-08-05,000738,航发控制,buy,23.29,400,9316.0,5.0
2021-08-05,688510,航亚科技,buy,29.76,300,8928.0,5.0
2021-08-13,688510,航亚科技,sell,27.08,300,8123.999999999999,13.123999999999999
2021-08-13,002498,汉缆股份,buy,4.28,800,3424.0,5.0
2021-08-13,300935,盈建科,sell,53.55,200,10710.0,15.71
2021-08-13,000738,航发控制,sell,22.97,400,9188.0,14.188
2021-08-13,002498,汉缆股份,sell,4.28,800,3424.0,8.424
2021-10-08,603960,克来机电,buy,32.78,300,9834.0,5.0
2021-10-08,002009,天奇股份,buy,17.46,600,10476.0,5.0
2021-10-08,600641,先导基电,buy,26.54,400,10616.0,5.0
2021-10-13,600641,先导基电,sell,25.63,400,10252.0,15.252
2021-10-13,000798,中水渔业,buy,8.03,500,4014.9999999999995,5.0
2021-10-20,603960,克来机电,sell,30.67,300,9201.0,14.201
2021-10-20,603090,宏盛股份,buy,16.8,300,5040.0,5.0
2021-10-22,000798,中水渔业,sell,7.27,500,3635.0,8.635
2021-10-22,301013,利和兴,buy,18.48,300,5544.0,5.0
2021-10-22,002009,天奇股份,sell,19.15,600,11490.0,16.490000000000002
2021-10-22,603090,宏盛股份,sell,15.99,300,4797.0,9.797
2021-10-22,301013,利和兴,sell,18.48,300,5544.0,10.544
2021-12-08,002355,兴民智通,buy,6.21,1800,11178.0,5.0
2021-12-08,300424,航新科技,buy,16.29,600,9774.0,5.0
2021-12-08,002498,汉缆股份,buy,5.61,2000,11220.0,5.0
2021-12-21,300424,航新科技,sell,15.52,600,9312.0,14.312
2021-12-21,000859,国风新材,buy,7.07,300,2121.0,5.0
2021-12-22,002498,汉缆股份,sell,5.35,2000,10700.0,15.700000000000001
2021-12-22,300251,光线传媒,buy,11.72,400,4688.0,5.0
2021-12-22,002355,兴民智通,sell,6.53,1800,11754.0,16.753999999999998
2021-12-22,000859,国风新材,sell,6.98,300,2094.0,7.093999999999999
2021-12-22,300251,光线传媒,sell,11.72,400,4688.0,9.687999999999999
2022-06-10,601777,千里科技,buy,5.19,2600,13494.000000000002,5.0
2022-06-10,001896,豫能控股,buy,6.24,2100,13104.0,5.0
2022-06-10,688510,航亚科技,buy,17.81,700,12467.0,5.0
2022-06-10,601777,千里科技,buy,5.19,10500,54495.00000000001,16.3485
2022-06-16,688510,航亚科技,sell,17.87,700,12509.0,17.509
2022-06-29,000859,国风新材,buy,6.84,1800,12312.0,5.0
2022-07-07,000859,国风新材,sell,6.64,1800,11952.0,16.951999999999998
2022-07-07,300812,易天股份,buy,18.65,300,5595.0,5.0
2022-07-11,601777,千里科技,sell,5.13,4000,20520.0,26.676
2022-07-11,001896,豫能控股,sell,7.1,2100,14910.0,19.91
2022-07-11,300812,易天股份,sell,18.06,300,5418.0,10.418
2022-07-12,300718,长盛轴承,buy,19.18,1100,21098.0,6.3294
2022-07-12,300486,东杰智能,buy,9.94,2200,21868.0,6.5604
2022-07-12,601777,千里科技,sell,5.04,9100,45864.0,59.623200000000004
2022-07-12,300718,长盛轴承,sell,19.18,1100,21098.0,27.4274
2022-07-12,300486,东杰智能,sell,9.94,2200,21868.0,28.428400000000003
2023-01-16,301051,信濠光电,buy,24.24,500,12120.0,5.0
2023-01-16,301013,利和兴,buy,10.53,1200,12636.0,5.0
2023-01-16,605289,罗曼股份,buy,29.85,400,11940.0,5.0
2023-02-07,301051,信濠光电,sell,25.33,500,12665.0,17.665
2023-02-07,301013,利和兴,sell,11.86,1200,14232.0,19.232
2023-02-07,605289,罗曼股份,sell,28.73,400,11492.0,16.492
2023-04-19,600629,华建集团,buy,5.94,1900,11286.0,5.0
2023-04-19,600641,先导基电,buy,22.82,500,11410.0,5.0
2023-04-19,920808,曙光数创,buy,23.59,400,9436.0,5.0
2023-04-21,600629,华建集团,sell,6.73,1900,12787.0,17.787
2023-04-21,600641,先导基电,sell,22.19,500,11095.0,16.095
2023-04-21,920808,曙光数创,sell,36.22,400,14488.0,19.488
2023-04-24,920808,曙光数创,buy,36.34,300,10902.000000000002,5.0
2023-04-24,600629,华建集团,buy,7.19,1600,11504.0,5.0
2023-04-24,301363,美好医疗,buy,31.22,300,9366.0,5.0
2023-04-24,920808,曙光数创,sell,36.34,300,10902.000000000002,15.902000000000003
2023-04-24,600629,华建集团,sell,7.19,1600,11504.0,16.503999999999998
2023-04-24,301363,美好医疗,sell,31.22,300,9366.0,14.366
2023-04-25,920808,曙光数创,buy,38.46,300,11538.0,5.0
2023-04-25,600629,华建集团,buy,7.82,1500,11730.0,5.0
2023-04-25,688147,微导纳米,buy,54.15,200,10830.0,5.0
2023-04-25,920808,曙光数创,sell,38.46,300,11538.0,16.538
2023-04-25,600629,华建集团,sell,7.82,1500,11730.0,16.73
2023-04-25,688147,微导纳米,sell,54.15,200,10830.0,15.83
2023-04-26,301051,信濠光电,buy,29.2,400,11680.0,5.0
2023-04-26,301013,利和兴,buy,13.2,900,11880.0,5.0
2023-04-26,920808,曙光数创,buy,50.08,200,10016.0,5.0
2023-04-26,301051,信濠光电,sell,29.2,400,11680.0,16.68
2023-04-26,301013,利和兴,sell,13.2,900,11880.0,16.880000000000003
2023-04-26,920808,曙光数创,sell,50.08,200,10016.0,15.016
2023-04-27,601890,亚星锚链,buy,10.17,1100,11187.0,5.0
2023-04-27,688510,航亚科技,buy,18.19,600,10914.0,5.0
2023-04-27,920808,曙光数创,buy,50.28,200,10056.0,5.0
2023-04-27,601890,亚星锚链,sell,10.17,1100,11187.0,16.186999999999998
2023-04-27,688510,航亚科技,sell,18.19,600,10914.0,15.914
2023-04-27,920808,曙光数创,sell,50.28,200,10056.0,15.056000000000001
2023-04-28,688510,航亚科技,buy,18.3,600,10980.0,5.0
2023-04-28,301051,信濠光电,buy,30.59,300,9177.0,5.0
2023-04-28,301013,利和兴,buy,13.39,800,10712.0,5.0
2023-04-28,688510,航亚科技,sell,18.3,600,10980.0,15.98
2023-04-28,301051,信濠光电,sell,30.59,300,9177.0,14.177
2023-04-28,301013,利和兴,sell,13.39,800,10712.0,15.712
2023-05-04,601890,亚星锚链,buy,10.11,1100,11121.0,5.0
2023-05-04,688510,航亚科技,buy,18.07,600,10842.0,5.0
2023-05-04,301051,信濠光电,buy,29.16,400,11664.0,5.0
2023-05-04,601890,亚星锚链,sell,10.11,1100,11121.0,16.121000000000002
2023-05-04,688510,航亚科技,sell,18.07,600,10842.0,15.842
2023-05-04,301051,信濠光电,sell,29.16,400,11664.0,16.664
2023-05-05,603533,掌阅科技,buy,29.88,400,11952.0,5.0
2023-05-05,603103,横店影视,buy,18.26,600,10956.000000000002,5.0
2023-05-05,920533,骏创科技,buy,9.5,1200,11400.0,5.0
2023-05-05,603533,掌阅科技,sell,29.88,400,11952.0,16.951999999999998
2023-05-05,603103,横店影视,sell,18.26,600,10956.000000000002,15.956000000000001
2023-05-05,920533,骏创科技,sell,9.5,1200,11400.0,16.4
2023-05-08,603533,掌阅科技,buy,32.03,300,9609.0,5.0
2023-05-08,300589,江龙船艇,buy,15.89,700,11123.0,5.0
2023-05-08,603103,横店影视,buy,17.73,600,10638.0,5.0
2023-05-09,603533,掌阅科技,sell,29.62,300,8886.0,13.886000000000001
2023-05-09,300589,江龙船艇,sell,14.71,700,10297.0,15.297
2023-05-09,603103,横店影视,sell,17.33,600,10397.999999999998,15.397999999999998
2023-05-10,600977,中国电影,buy,17.43,600,10458.0,5.0
2023-05-10,920533,骏创科技,buy,8.92,1300,11596.0,5.0
2023-05-10,603103,横店影视,buy,17.44,600,10464.0,5.0
2023-05-10,600977,中国电影,sell,17.43,600,10458.0,15.458
2023-05-10,920533,骏创科技,sell,8.92,1300,11596.0,16.596
2023-05-10,603103,横店影视,sell,17.44,600,10464.0,15.464
2023-05-11,603103,横店影视,buy,19.21,600,11526.0,5.0
2023-05-11,600977,中国电影,buy,19.19,600,11514.0,5.0
2023-05-11,603533,掌阅科技,buy,29.42,400,11768.0,5.0
2023-05-11,603103,横店影视,sell,19.21,600,11526.0,16.526
2023-05-11,600977,中国电影,sell,19.19,600,11514.0,16.514000000000003
2023-05-11,603533,掌阅科技,sell,29.42,400,11768.0,16.768
2023-05-12,603533,掌阅科技,buy,31.42,300,9426.0,5.0
2023-05-12,000798,中水渔业,buy,12.25,900,11025.0,5.0
2023-05-12,001210,金房能源,buy,14.21,800,11368.0,5.0
2023-05-12,603533,掌阅科技,sell,31.42,300,9426.0,14.426
2023-05-12,000798,中水渔业,sell,12.25,900,11025.0,16.025
2023-05-12,001210,金房能源,sell,14.21,800,11368.0,16.368000000000002
2023-05-15,300779,惠城环保,buy,29.84,300,8952.0,5.0
2023-05-15,601890,亚星锚链,buy,10.6,1100,11660.0,5.0
2023-05-15,001210,金房能源,buy,14.31,800,11448.0,5.0
2023-05-15,300779,惠城环保,sell,29.84,300,8952.0,13.952
2023-05-15,601890,亚星锚链,sell,10.6,1100,11660.0,16.66
2023-05-15,001210,金房能源,sell,14.31,800,11448.0,16.448
2023-05-16,001210,金房能源,buy,14.56,800,11648.0,5.0
2023-05-16,300779,惠城环保,buy,33.12,300,9936.0,5.0
2023-05-16,601890,亚星锚链,buy,10.43,1100,11473.0,5.0
2023-05-16,001210,金房能源,sell,14.56,800,11648.0,16.648
2023-05-16,300779,惠城环保,sell,33.12,300,9936.0,14.936
2023-05-16,601890,亚星锚链,sell,10.43,1100,11473.0,16.473
2023-05-17,601890,亚星锚链,buy,10.94,1000,10940.0,5.0
2023-05-17,300589,江龙船艇,buy,15.54,700,10878.0,5.0
2023-05-17,688510,航亚科技,buy,18.8,600,11280.0,5.0
2023-05-17,601890,亚星锚链,sell,10.94,1000,10940.0,15.94
2023-05-17,300589,江龙船艇,sell,15.54,700,10878.0,15.878
2023-05-17,688510,航亚科技,sell,18.8,600,11280.0,16.28
2023-05-18,300589,江龙船艇,buy,15.76,700,11032.0,5.0
2023-05-18,300779,惠城环保,buy,34.66,300,10397.999999999998,5.0
2023-05-18,601890,亚星锚链,buy,10.84,1000,10840.0,5.0
2023-05-18,300589,江龙船艇,sell,15.76,700,11032.0,16.032
2023-05-18,300779,惠城环保,sell,34.66,300,10397.999999999998,15.397999999999998
2023-05-18,601890,亚星锚链,sell,10.84,1000,10840.0,15.84
2023-05-19,300719,安达维尔,buy,12.49,900,11241.0,5.0
2023-05-19,300589,江龙船艇,buy,15.3,700,10710.0,5.0
2023-05-19,688510,航亚科技,buy,18.64,600,11184.0,5.0
2023-05-19,300719,安达维尔,sell,12.49,900,11241.0,16.241
2023-05-19,300589,江龙船艇,sell,15.3,700,10710.0,15.71
2023-05-19,688510,航亚科技,sell,18.64,600,11184.0,16.184
2023-05-22,002951,金时科技,buy,9.56,1200,11472.0,5.0
2023-05-22,000798,中水渔业,buy,12.94,900,11646.0,5.0
2023-05-22,300779,惠城环保,buy,38.28,300,11484.0,5.0
2023-05-22,002951,金时科技,sell,9.56,1200,11472.0,16.472
2023-05-22,000798,中水渔业,sell,12.94,900,11646.0,16.646
2023-05-22,300779,惠城环保,sell,38.28,300,11484.0,16.484
2023-05-23,002951,金时科技,buy,9.32,1200,11184.0,5.0
2023-05-23,300779,惠城环保,buy,36.33,300,10899.0,5.0
2023-05-23,300719,安达维尔,buy,12.55,900,11295.0,5.0
2023-05-23,002951,金时科技,sell,9.32,1200,11184.0,16.184
2023-05-23,300779,惠城环保,sell,36.33,300,10899.0,15.899000000000001
2023-05-23,300719,安达维尔,sell,12.55,900,11295.0,16.295
2023-05-24,300449,汉邦高科,buy,7.41,1500,11115.0,5.0
2023-05-24,300486,东杰智能,buy,9.46,1200,11352.000000000002,5.0
2023-05-24,002951,金时科技,buy,9.04,1200,10847.999999999998,5.0
2023-05-24,300449,汉邦高科,sell,7.41,1500,11115.0,16.115000000000002
2023-05-24,300486,东杰智能,sell,9.46,1200,11352.000000000002,16.352000000000004
2023-05-24,002951,金时科技,sell,9.04,1200,10847.999999999998,15.847999999999999
2023-05-25,300486,东杰智能,buy,11.03,1000,11030.0,5.0
2023-05-25,002843,泰嘉股份,buy,18.41,600,11046.0,5.0
2023-05-25,001210,金房能源,buy,15.24,700,10668.0,5.0
2023-05-25,300486,东杰智能,sell,11.03,1000,11030.0,16.03
2023-05-25,002843,泰嘉股份,sell,18.41,600,11046.0,16.046
2023-05-25,001210,金房能源,sell,15.24,700,10668.0,15.668000000000001
2023-05-26,300486,东杰智能,buy,10.27,1100,11297.0,5.0
2023-05-26,301285,鸿日达,buy,15.33,700,10731.0,5.0
2023-05-26,920808,曙光数创,buy,64.16,100,6416.0,5.0
2023-05-26,300486,东杰智能,sell,10.27,1100,11297.0,16.297
2023-05-26,301285,鸿日达,sell,15.33,700,10731.0,15.731
2023-05-26,920808,曙光数创,sell,64.16,100,6416.0,11.416
2023-05-29,301285,鸿日达,buy,14.72,700,10304.0,5.0
2023-05-29,688533,上声电子,buy,44.39,200,8878.0,5.0
2023-05-29,301051,信濠光电,buy,32.86,300,9858.0,5.0
2023-05-29,301285,鸿日达,sell,14.72,700,10304.0,15.304
2023-05-29,688533,上声电子,sell,44.39,200,8878.0,13.878
2023-05-29,301051,信濠光电,sell,32.86,300,9858.0,14.858
2023-05-30,002843,泰嘉股份,buy,18.44,600,11064.0,5.0
2023-05-30,600410,华胜天成,buy,7.46,1500,11190.0,5.0
2023-05-30,001896,豫能控股,buy,4.97,2300,11431.0,5.0
2023-05-30,002843,泰嘉股份,sell,18.44,600,11064.0,16.064
2023-05-30,600410,华胜天成,sell,7.46,1500,11190.0,16.189999999999998
2023-05-30,001896,豫能控股,sell,4.97,2300,11431.0,16.431
2023-05-31,002843,泰嘉股份,buy,17.66,600,10596.0,5.0
2023-05-31,600410,华胜天成,buy,7.5,1500,11250.0,5.0
2023-05-31,300369,绿盟科技,buy,13.98,800,11184.0,5.0
2023-05-31,002843,泰嘉股份,sell,17.66,600,10596.0,15.596
2023-05-31,600410,华胜天成,sell,7.5,1500,11250.0,16.25
2023-05-31,300369,绿盟科技,sell,13.98,800,11184.0,16.184
2023-06-01,002843,泰嘉股份,buy,19.46,600,11676.0,5.0
2023-06-01,300369,绿盟科技,buy,13.65,800,10920.0,5.0
2023-06-01,001210,金房能源,buy,16.32,700,11424.0,5.0
2023-06-01,002843,泰嘉股份,sell,19.46,600,11676.0,16.676000000000002
2023-06-01,300369,绿盟科技,sell,13.65,800,10920.0,15.92
2023-06-01,001210,金房能源,sell,16.32,700,11424.0,16.424
2023-06-02,002843,泰嘉股份,buy,21.44,500,10720.0,5.0
2023-06-02,301013,利和兴,buy,14.7,700,10290.0,5.0
2023-06-02,603163,圣晖集成,buy,37.18,300,11154.0,5.0
2023-06-02,002843,泰嘉股份,sell,21.44,500,10720.0,15.72
2023-06-02,301013,利和兴,sell,14.7,700,10290.0,15.290000000000001
2023-06-02,603163,圣晖集成,sell,37.18,300,11154.0,16.154
2023-06-05,002009,天奇股份,buy,13.75,800,11000.0,5.0
2023-06-05,002843,泰嘉股份,buy,22.5,500,11250.0,5.0
2023-06-05,301013,利和兴,buy,15.67,700,10969.0,5.0
2023-06-05,002009,天奇股份,sell,13.75,800,11000.0,16.0
2023-06-05,002843,泰嘉股份,sell,22.5,500,11250.0,16.25
2023-06-05,301013,利和兴,sell,15.67,700,10969.0,15.969
2023-06-06,002009,天奇股份,buy,13.4,800,10720.0,5.0
2023-06-06,605289,罗曼股份,buy,29.38,300,8814.0,5.0
2023-06-06,300369,绿盟科技,buy,13.27,800,10616.0,5.0
2023-06-06,002009,天奇股份,sell,13.4,800,10720.0,15.72
2023-06-06,605289,罗曼股份,sell,29.38,300,8814.0,13.814
2023-06-06,300369,绿盟科技,sell,13.27,800,10616.0,15.616
2023-06-07,920808,曙光数创,buy,75.43,100,7543.000000000001,5.0
2023-06-07,688147,微导纳米,buy,54.67,200,10934.0,5.0
2023-06-07,300449,汉邦高科,buy,7.25,1600,11600.0,5.0
2023-06-07,920808,曙光数创,sell,75.43,100,7543.000000000001,12.543000000000001
2023-06-07,688147,微导纳米,sell,54.67,200,10934.0,15.934000000000001
2023-06-07,300449,汉邦高科,sell,7.25,1600,11600.0,16.6
2023-06-08,002009,天奇股份,buy,14.19,800,11352.0,5.0
2023-06-08,600791,京能置业,buy,5.08,2200,11176.0,5.0
2023-06-08,300935,盈建科,buy,34.67,300,10401.0,5.0
2023-06-08,002009,天奇股份,sell,14.19,800,11352.0,16.352
2023-06-08,600791,京能置业,sell,5.08,2200,11176.0,16.176000000000002
2023-06-08,300935,盈建科,sell,34.67,300,10401.0,15.401
2023-06-09,600410,华胜天成,buy,8.09,1400,11326.0,5.0
2023-06-09,002009,天奇股份,buy,13.83,800,11064.0,5.0
2023-06-09,605289,罗曼股份,buy,32.85,300,9855.0,5.0
2023-06-27,600410,华胜天成,sell,7.54,1400,10556.0,15.556000000000001
2023-06-27,601890,亚星锚链,buy,11.22,200,2244.0,5.0
2023-07-13,601890,亚星锚链,sell,10.8,200,2160.0,7.16
2023-07-13,001210,金房能源,buy,16.62,100,1662.0,5.0
2023-07-17,605289,罗曼股份,sell,43.21,300,12963.0,17.963
2023-07-17,002355,兴民智通,buy,5.84,900,5256.0,5.0
2023-07-18,001210,金房能源,sell,15.65,100,1565.0,6.5649999999999995
2023-07-18,301285,鸿日达,buy,16.24,400,6495.999999999999,5.0
2023-07-20,002009,天奇股份,sell,13.23,800,10584.0,15.584
2023-07-20,688292,浩瀚深度,buy,33.33,200,6666.0,5.0
2023-07-20,002355,兴民智通,sell,6.24,900,5616.0,10.616
2023-07-20,301285,鸿日达,sell,15.03,400,6012.0,11.012
2023-07-20,688292,浩瀚深度,sell,33.33,200,6666.0,11.666
2023-07-21,000638,*ST万方,buy,6.93,1700,11781.0,5.0
2023-07-21,600791,京能置业,buy,4.75,2400,11400.0,5.0
2023-07-21,300812,易天股份,buy,26.47,400,10588.0,5.0
2023-07-21,000638,*ST万方,sell,6.93,1700,11781.0,16.781
2023-07-21,600791,京能置业,sell,4.75,2400,11400.0,16.4
2023-07-21,300812,易天股份,sell,26.47,400,10588.0,15.588000000000001
2023-07-24,300812,易天股份,buy,30.06,300,9018.0,5.0
2023-07-24,600791,京能置业,buy,4.93,2300,11339.0,5.0
2023-07-24,002655,共达电声,buy,14.19,800,11352.0,5.0
2023-07-24,300812,易天股份,sell,30.06,300,9018.0,14.018
2023-07-24,600791,京能置业,sell,4.93,2300,11339.0,16.339
2023-07-24,002655,共达电声,sell,14.19,800,11352.0,16.352
2023-07-25,300812,易天股份,buy,30.77,300,9231.0,5.0
2023-07-25,600791,京能置业,buy,5.09,2300,11707.0,5.0
2023-07-25,001210,金房能源,buy,16.83,700,11780.999999999998,5.0
2023-07-27,300812,易天股份,sell,25.21,300,7563.0,12.562999999999999
2023-07-27,000890,法尔胜,buy,5.03,700,3521.0,5.0
2023-07-28,001210,金房能源,sell,15.24,700,10668.0,15.668000000000001
2023-07-28,603021,ST华鹏,buy,5.64,2000,11280.0,5.0
2023-08-11,600791,京能置业,sell,5.25,2300,12075.0,17.075000000000003
2023-08-11,000890,法尔胜,sell,4.62,700,3234.0,8.234
2023-08-11,603021,ST华鹏,sell,5.33,2000,10660.0,15.66
2024-09-24,920976,视声智能,buy,8.99,1500,13485.0,5.0
2024-09-24,000839,国安股份,buy,2.54,5400,13716.0,5.0
2024-09-24,000890,法尔胜,buy,2.71,5000,13550.0,5.0
2024-09-25,920976,视声智能,buy,8.96,6000,53760.00000000001,16.128
2024-10-09,920976,视声智能,sell,13.1,7500,98250.0,127.725
2024-10-09,002498,汉缆股份,buy,3.39,1700,5763.0,5.0
2024-10-09,002498,汉缆股份,buy,3.39,28800,97632.0,29.289599999999997
2024-10-10,000839,国安股份,sell,2.7,5400,14580.000000000002,19.580000000000002
2024-10-10,000890,法尔胜,sell,3.11,5000,15550.0,20.55
2024-10-10,002498,汉缆股份,sell,3.4,30500,103700.0,134.81
2024-10-11,002510,天汽模,buy,4.24,4100,17384.0,5.215199999999999
2024-10-11,000833,粤桂股份,buy,5.84,3000,17520.0,5.255999999999999
2024-10-11,300719,安达维尔,buy,19.51,900,17559.0,5.2677
2024-10-11,002510,天汽模,buy,4.24,16600,70384.0,21.115199999999998
2024-10-14,300719,安达维尔,buy,21.47,600,12882.0,5.0
2024-10-30,002510,天汽模,sell,4.57,10900,49813.0,64.7569
2024-10-30,000833,粤桂股份,sell,5.84,3000,17520.0,22.776
2024-10-30,300719,安达维尔,sell,22.22,1500,33330.0,43.32899999999999
2024-10-31,688409,富创精密,buy,63.62,500,31810.0,9.543
2024-10-31,600629,华建集团,buy,6.58,5700,37506.0,11.2518
2024-10-31,002510,天汽模,sell,4.57,4200,19194.0,24.952199999999998
2024-11-04,600629,华建集团,sell,6.85,5700,39045.0,50.7585
2024-11-04,603960,克来机电,buy,24.28,600,14568.0,5.0
2024-11-08,002510,天汽模,sell,6.71,5600,37576.0,48.8488
2024-11-08,688147,微导纳米,buy,28.19,900,25371.0,7.611299999999999
2024-11-18,603960,克来机电,sell,21.43,600,12858.0,17.858
2024-11-18,920976,视声智能,buy,24.01,1000,24010.0,7.202999999999999
2024-11-19,688409,富创精密,sell,61.46,500,30730.0,39.949
2024-11-19,001210,金房能源,buy,12.21,2400,29304.000000000004,8.7912
2024-11-20,920976,视声智能,sell,23.98,1000,23980.0,31.174
2024-11-20,300486,东杰智能,buy,7.57,3900,29523.0,8.8569
2024-11-25,001210,金房能源,sell,11.63,2400,27912.000000000004,36.2856
2024-11-25,605136,丽人丽妆,buy,8.67,3200,27744.0,8.3232
2024-11-27,605136,丽人丽妆,sell,8.24,3200,26368.0,34.278400000000005
2024-11-27,603533,掌阅科技,buy,23.18,1200,27816.0,8.3448
2024-12-02,603533,掌阅科技,sell,22.4,1200,26880.0,34.944
2024-12-02,605033,美邦股份,buy,13.66,1500,20490.0,6.146999999999999
2024-12-18,605033,美邦股份,sell,12.6,1500,18900.0,24.57
2024-12-18,600984,建设机械,buy,4.08,5400,22032.0,6.6095999999999995
2024-12-18,688147,微导纳米,sell,27.9,900,25110.0,32.643
2024-12-18,300486,东杰智能,sell,7.6,3900,29640.0,38.532
2024-12-18,600984,建设机械,sell,4.08,5400,22032.0,28.6416
2024-12-25,002843,泰嘉股份,buy,22.98,700,16086.0,5.0
2024-12-25,688629,华丰科技,buy,38.1,400,15240.0,5.0
2024-12-25,300718,长盛轴承,buy,26.38,600,15828.0,5.0
2024-12-31,002843,泰嘉股份,sell,21.22,700,14854.0,19.854
2024-12-31,688629,华丰科技,sell,33.49,400,13396.0,18.396
2024-12-31,300718,长盛轴承,sell,30.29,600,18174.0,23.626199999999997
2025-01-02,600397,江钨装备,buy,3.8,4200,15960.0,5.0
2025-01-02,300718,长盛轴承,buy,32.16,500,16079.999999999998,5.0
2025-01-02,300779,惠城环保,buy,98.02,100,9802.0,5.0
2025-01-06,600397,江钨装备,sell,4.41,4200,18522.0,24.0786
2025-01-06,300718,长盛轴承,sell,29.83,500,14915.0,19.915
2025-01-06,300779,惠城环保,sell,87.78,100,8778.0,13.778
2025-01-07,605033,美邦股份,buy,17.46,900,15714.0,5.0
2025-01-07,600397,江钨装备,buy,4.27,3700,15798.999999999998,5.0
2025-01-07,300766,每日互动,buy,17.34,900,15606.0,5.0
2025-01-09,605033,美邦股份,sell,21.16,900,19044.0,24.7572
2025-01-09,600397,江钨装备,sell,4.51,3700,16687.0,21.6931
2025-01-09,300766,每日互动,sell,17.1,900,15390.000000000002,20.39
2025-01-10,605033,美邦股份,buy,23.29,700,16303.0,5.0
2025-01-10,603045,福达合金,buy,13.34,1200,16008.0,5.0
2025-01-10,300100,双林股份,buy,24.52,600,14712.0,5.0
2025-01-10,605033,美邦股份,sell,23.29,700,16303.0,21.303
2025-01-10,603045,福达合金,sell,13.34,1200,16008.0,21.008
2025-01-10,300100,双林股份,sell,24.52,600,14712.0,19.712
2025-01-13,300100,双林股份,buy,23.42,700,16394.0,5.0
2025-01-13,605033,美邦股份,buy,25.63,600,15378.0,5.0
2025-01-13,300718,长盛轴承,buy,31.97,500,15985.0,5.0
2025-01-13,300100,双林股份,sell,23.42,700,16394.0,21.394000000000002
2025-01-13,605033,美邦股份,sell,25.63,600,15378.0,20.378
2025-01-13,300718,长盛轴承,sell,31.97,500,15985.0,20.985
2025-01-14,002843,泰嘉股份,buy,23.77,600,14262.0,5.0
2025-01-14,300100,双林股份,buy,25.43,600,15258.0,5.0
2025-01-14,920533,骏创科技,buy,28.06,500,14030.0,5.0
2025-01-14,002843,泰嘉股份,sell,23.77,600,14262.0,19.262
2025-01-14,300100,双林股份,sell,25.43,600,15258.0,20.258000000000003
2025-01-14,920533,骏创科技,sell,28.06,500,14030.0,19.03
2025-01-15,688646,ST逸飞,buy,40.48,400,16191.999999999998,5.0
2025-01-15,301285,鸿日达,buy,32.48,500,16239.999999999998,5.0
2025-01-15,605033,美邦股份,buy,31.05,500,15525.0,5.0
2025-01-15,688646,ST逸飞,sell,40.48,400,16191.999999999998,21.192
2025-01-15,301285,鸿日达,sell,32.48,500,16239.999999999998,21.24
2025-01-15,605033,美邦股份,sell,31.05,500,15525.0,20.525
2025-01-16,300449,汉邦高科,buy,9.2,1800,16560.0,5.0
2025-01-16,002843,泰嘉股份,buy,25.09,600,15054.0,5.0
2025-01-16,603045,福达合金,buy,14.71,1100,16181.000000000002,5.0
2025-01-16,300449,汉邦高科,sell,9.2,1800,16560.0,21.56
2025-01-16,002843,泰嘉股份,sell,25.09,600,15054.0,20.054000000000002
2025-01-16,603045,福达合金,sell,14.71,1100,16181.000000000002,21.181
2025-01-17,603045,福达合金,buy,14.13,1100,15543.0,5.0
2025-01-17,920533,骏创科技,buy,30.82,500,15410.0,5.0
2025-01-17,002843,泰嘉股份,buy,24.48,600,14688.0,5.0
2025-01-17,603045,福达合金,sell,14.13,1100,15543.0,20.543
2025-01-17,920533,骏创科技,sell,30.82,500,15410.0,20.41
2025-01-17,002843,泰嘉股份,sell,24.48,600,14688.0,19.688000000000002
2025-01-20,002843,泰嘉股份,buy,24.18,600,14508.0,5.0
2025-01-20,688646,ST逸飞,buy,40.57,400,16228.0,5.0
2025-01-20,600397,江钨装备,buy,4.56,3600,16416.0,5.0
2025-01-24,600397,江钨装备,sell,4.28,3600,15408.0,20.408
2025-01-24,920976,视声智能,buy,24.78,100,2478.0,5.0
2025-02-05,920976,视声智能,sell,22.71,100,2271.0,7.271
2025-02-05,300251,光线传媒,buy,11.24,500,5620.0,5.0
2025-02-11,300251,光线传媒,sell,19.9,500,9950.0,14.950000000000001
2025-02-11,601777,千里科技,buy,7.47,600,4482.0,5.0
2025-02-17,688646,ST逸飞,sell,38.52,400,15408.000000000002,20.408
2025-02-17,300719,安达维尔,buy,19.41,300,5823.0,5.0
2025-02-26,601777,千里科技,sell,9.92,600,5952.0,10.952
2025-02-26,688147,微导纳米,buy,31.18,1100,34298.0,10.289399999999999
2025-03-03,300719,安达维尔,sell,17.96,300,5388.0,10.388
2025-03-03,688147,微导纳米,sell,29.61,1100,32571.0,42.342299999999994
2025-03-03,300449,汉邦高科,buy,10.4,2200,22880.0,6.863999999999999
2025-03-03,000833,粤桂股份,buy,15.03,1500,22545.0,6.7635
2025-03-03,002843,泰嘉股份,sell,25.82,600,15492.0,20.492
2025-03-03,300449,汉邦高科,sell,10.4,2200,22880.0,29.744
2025-03-03,000833,粤桂股份,sell,15.03,1500,22545.0,29.308500000000002
2025-03-04,301008,宏昌科技,buy,22.42,2400,53808.00000000001,16.142400000000002
2025-03-04,000973,佛塑科技,buy,6.94,8000,55520.0,16.656
2025-03-04,603021,ST华鹏,buy,4.61,12100,55781.00000000001,16.7343
2025-03-04,301008,宏昌科技,sell,22.42,2400,53808.00000000001,69.9504
2025-03-04,000973,佛塑科技,sell,6.94,8000,55520.0,72.176
2025-03-04,603021,ST华鹏,sell,4.61,12100,55781.00000000001,72.51530000000001
2025-03-05,301008,宏昌科技,buy,23.7,2300,54510.0,16.352999999999998
2025-03-05,000973,佛塑科技,buy,7.3,7600,55480.0,16.644
2025-03-05,301013,利和兴,buy,21.51,2500,53775.00000000001,16.1325
2025-03-05,301013,利和兴,sell,21.51,2500,53775.00000000001,69.9075
2025-03-06,688147,微导纳米,buy,31.95,500,15975.0,5.0
2025-03-12,301008,宏昌科技,sell,22.69,1000,22690.0,29.497
2025-03-12,000973,佛塑科技,sell,7.24,3400,24616.0,32.0008
2025-03-12,688147,微导纳米,sell,30.72,500,15360.0,20.36
2025-03-13,600984,建设机械,buy,3.99,8600,34314.0,10.294199999999998
2025-03-14,301008,宏昌科技,sell,25.21,1300,32773.0,42.6049
2025-03-14,000798,中水渔业,buy,7.59,2200,16698.0,5.009399999999999
2025-03-20,000973,佛塑科技,sell,6.9,4200,28980.0,37.674
2025-03-20,601890,亚星锚链,buy,9.3,2300,21390.0,6.417
2025-03-24,600984,建设机械,sell,3.65,8600,31390.0,40.807
2025-03-24,002498,汉缆股份,buy,3.98,5800,23084.0,6.925199999999999
2025-03-28,000798,中水渔业,sell,7.03,2200,15466.0,20.466
2025-03-28,002498,汉缆股份,sell,3.65,5800,21170.0,27.521
2025-03-28,688409,富创精密,buy,59.81,300,17943.0,5.382899999999999
2025-03-28,688767,博拓生物,buy,27.74,700,19418.0,5.825399999999999
2025-03-31,601890,亚星锚链,sell,9.46,2300,21758.000000000004,28.285400000000003
2025-03-31,688409,富创精密,sell,60.2,300,18060.0,23.477999999999998
2025-03-31,688767,博拓生物,sell,27.0,700,18900.0,24.57
2025-05-12,300449,汉邦高科,buy,8.18,1900,15542.0,5.0
2025-05-12,300719,安达维尔,buy,18.69,800,14952.000000000002,5.0
2025-05-12,002009,天奇股份,buy,16.33,900,14696.999999999998,5.0
2025-05-20,300719,安达维尔,sell,17.03,800,13624.0,18.624000000000002
2025-05-20,300486,东杰智能,buy,7.35,700,5145.0,5.0
2025-05-23,002009,天奇股份,sell,15.11,900,13599.0,18.599
2025-05-23,605289,罗曼股份,buy,28.88,200,5776.0,5.0
2025-05-26,300449,汉邦高科,sell,8.51,1900,16169.0,21.169
2025-05-26,300486,东杰智能,sell,7.61,700,5327.0,10.327
2025-05-26,605289,罗曼股份,sell,28.0,200,5600.0,10.600000000000001
2025-06-25,601890,亚星锚链,buy,9.56,1600,15296.0,5.0
2025-06-25,300589,江龙船艇,buy,14.08,1100,15488.0,5.0
2025-06-25,000833,粤桂股份,buy,12.84,1200,15408.0,5.0
2025-07-07,000833,粤桂股份,sell,12.05,1200,14460.0,19.46
2025-07-07,001896,豫能控股,buy,5.39,700,3773.0,5.0
2025-07-09,601890,亚星锚链,sell,10.0,1600,16000.0,21.0
2025-07-09,300589,江龙船艇,sell,14.04,1100,15443.999999999998,20.444
2025-07-09,001896,豫能控股,sell,5.69,700,3983.0000000000005,8.983
2025-07-11,605289,罗曼股份,buy,36.29,400,14516.0,5.0
2025-07-11,300935,盈建科,buy,25.5,600,15300.0,5.0
2025-07-11,301555,惠柏新材,buy,29.1,500,14550.0,5.0
2025-07-16,605289,罗曼股份,sell,35.23,400,14091.999999999998,19.092
2025-07-16,000890,法尔胜,buy,4.21,1000,4210.0,5.0
2025-07-21,000890,法尔胜,sell,4.06,1000,4059.9999999999995,9.059999999999999
2025-07-21,605255,天普股份,buy,21.85,100,2185.0,5.0
2025-07-25,300935,盈建科,sell,26.16,600,15696.0,20.695999999999998
2025-07-25,301555,惠柏新材,sell,28.75,500,14375.0,19.375
2025-07-25,605255,天普股份,sell,24.59,100,2459.0,7.459
2025-07-30,300486,东杰智能,buy,11.05,1400,15470.000000000002,5.0
2025-07-30,688586,江航装备,buy,12.58,1200,15096.0,5.0
2025-07-30,688343,云天励飞-U,buy,56.33,200,11266.0,5.0
2025-08-05,300486,东杰智能,sell,20.39,1400,28546.0,37.1098
2025-08-05,688280,精进电动-UW,buy,8.38,1000,8380.0,5.0
2025-08-15,688280,精进电动-UW,sell,8.25,1000,8250.0,13.25
2025-08-15,920808,曙光数创,buy,76.23,400,30492.0,9.147599999999999
2025-08-25,688343,云天励飞-U,sell,87.5,200,17500.0,22.75
2025-08-25,688409,富创精密,buy,68.69,400,27476.0,8.242799999999999
2025-09-03,688586,江航装备,sell,10.98,1200,13176.0,18.176000000000002
2025-09-03,301193,家联科技,buy,23.3,1300,30290.0,9.087
2025-09-05,688409,富创精密,sell,63.08,400,25232.0,32.8016
2025-09-05,920976,视声智能,buy,29.87,700,20909.0,6.2726999999999995
2025-09-09,301193,家联科技,sell,21.26,1300,27638.000000000004,35.92940000000001
2025-09-09,688147,微导纳米,buy,45.98,400,18392.0,5.5176
2025-09-11,920976,视声智能,sell,27.82,700,19474.0,25.3162
2025-09-11,002467,二六三,buy,7.61,3900,29679.0,8.903699999999999
2025-09-12,920808,曙光数创,sell,99.4,400,39760.0,51.687999999999995
2025-09-12,600977,中国电影,buy,19.25,2300,44275.0,13.282499999999999
2025-09-16,002467,二六三,sell,7.46,3900,29094.0,37.8222
2025-09-16,600629,华建集团,buy,18.9,1100,20790.0,6.236999999999999
2025-09-19,600977,中国电影,sell,18.75,2300,43125.0,56.0625
2025-09-19,603297,永新光学,buy,130.92,200,26183.999999999996,7.855199999999998
2025-09-23,603297,永新光学,sell,118.01,200,23602.0,30.6826
2025-09-23,605136,丽人丽妆,buy,12.03,3000,36090.0,10.826999999999998
2025-09-29,605136,丽人丽妆,sell,10.26,3000,30780.0,40.014
2025-09-29,600641,先导基电,buy,20.0,1200,24000.0,7.199999999999999
2025-09-30,600629,华建集团,sell,28.69,1100,31559.0,41.0267
2025-09-30,300935,盈建科,buy,29.19,800,23352.0,7.005599999999999
2025-10-10,300935,盈建科,sell,28.13,800,22504.0,29.255200000000002
2025-10-10,001896,豫能控股,buy,5.92,6300,37296.0,11.188799999999999
2025-10-31,600641,先导基电,sell,18.61,1200,22332.0,29.0316
2025-10-31,603331,百达精工,buy,12.08,2000,24160.0,7.247999999999999
2025-11-19,688147,微导纳米,sell,60.1,400,24040.0,31.252
2025-11-19,000859,国风新材,buy,7.17,3300,23661.0,7.098299999999999
2025-11-20,001896,豫能控股,sell,5.73,6300,36099.0,46.928700000000006
2025-11-20,603331,百达精工,sell,11.65,2000,23300.0,30.29
2025-11-20,000859,国风新材,sell,7.89,3300,26037.0,33.8481
2025-11-21,000859,国风新材,buy,8.68,6900,59892.0,17.967599999999997
2025-11-21,600410,华胜天成,buy,20.09,3000,60270.0,18.081
2025-11-21,301193,家联科技,buy,21.45,2800,60060.0,18.017999999999997
2025-11-21,000859,国风新材,sell,8.68,6900,59892.0,77.8596
2025-11-21,600410,华胜天成,sell,20.09,3000,60270.0,78.351
2025-11-21,301193,家联科技,sell,21.45,2800,60060.0,78.078
2025-11-24,601890,亚星锚链,buy,11.7,5100,59670.0,17.901
2025-11-24,603533,掌阅科技,buy,23.37,2500,58425.0,17.5275
2025-11-24,603466,风语筑,buy,10.4,5700,59280.0,17.784
2025-11-24,601890,亚星锚链,sell,11.7,5100,59670.0,77.571
2025-11-24,603533,掌阅科技,sell,23.37,2500,58425.0,75.9525
2025-11-24,603466,风语筑,sell,10.4,5700,59280.0,77.064
2025-11-25,603533,掌阅科技,buy,23.5,2500,58750.0,17.625
2025-11-25,301193,家联科技,buy,23.3,2500,58250.0,17.474999999999998
2025-11-25,000859,国风新材,buy,9.11,6600,60125.99999999999,18.037799999999997
2025-11-25,603533,掌阅科技,sell,23.5,2500,58750.0,76.375
2025-11-25,301193,家联科技,sell,23.3,2500,58250.0,75.725
2025-11-25,000859,国风新材,sell,9.11,6600,60125.99999999999,78.16379999999998
2025-11-26,000859,国风新材,buy,9.41,6300,59283.0,17.784899999999997
2025-11-26,688702,盛科通信-U,buy,132.99,400,53196.0,15.958799999999998
2025-11-26,603533,掌阅科技,buy,23.47,2500,58675.0,17.6025
2025-11-26,000859,国风新材,sell,9.41,6300,59283.0,77.0679
2025-11-26,688702,盛科通信-U,sell,132.99,400,53196.0,69.1548
2025-11-26,603533,掌阅科技,sell,23.47,2500,58675.0,76.2775
2025-11-27,688292,浩瀚深度,buy,25.09,2300,57707.0,17.312099999999997
2025-11-27,000859,国风新材,buy,8.47,7000,59290.00000000001,17.787
2025-11-27,605255,天普股份,buy,147.0,400,58800.0,17.639999999999997
2025-11-27,688292,浩瀚深度,sell,25.09,2300,57707.0,75.0191
2025-11-27,000859,国风新材,sell,8.47,7000,59290.00000000001,77.077
2025-11-27,605255,天普股份,sell,147.0,400,58800.0,76.44
2025-11-28,688147,微导纳米,buy,64.66,900,58194.0,17.458199999999998
2025-11-28,688292,浩瀚深度,buy,25.89,2300,59547.0,17.864099999999997
2025-11-28,605255,天普股份,buy,147.0,400,58800.0,17.639999999999997
2025-11-28,688147,微导纳米,sell,64.66,900,58194.0,75.6522
2025-11-28,688292,浩瀚深度,sell,25.89,2300,59547.0,77.4111
2025-11-28,605255,天普股份,sell,147.0,400,58800.0,76.44
2025-12-01,688702,盛科通信-U,buy,131.0,400,52400.0,15.719999999999999
2025-12-01,688292,浩瀚深度,buy,25.5,2300,58650.0,17.595
2025-12-01,605255,天普股份,buy,147.0,400,58800.0,17.639999999999997
2025-12-01,605255,天普股份,sell,147.0,400,58800.0,76.44
2025-12-02,605255,天普股份,buy,147.0,100,14700.0,5.0
2025-12-02,688702,盛科通信-U,sell,127.29,400,50916.0,66.1908
2025-12-02,688292,浩瀚深度,sell,24.27,2300,55821.0,72.56729999999999
2025-12-02,605255,天普股份,sell,147.0,100,14700.0,19.700000000000003
2025-12-03,001330,博纳影业,buy,7.84,7400,58016.0,17.404799999999998
2025-12-03,603163,圣晖集成,buy,62.6,900,56340.0,16.901999999999997
2025-12-03,300812,易天股份,buy,27.75,2100,58275.0,17.482499999999998
2025-12-03,001330,博纳影业,sell,7.84,7400,58016.0,75.4208
2025-12-03,603163,圣晖集成,sell,62.6,900,56340.0,73.242
2025-12-03,300812,易天股份,sell,27.75,2100,58275.0,75.7575
2025-12-04,001330,博纳影业,buy,8.55,6800,58140.00000000001,17.442
2025-12-04,688147,微导纳米,buy,68.3,800,54640.0,16.392
2025-12-04,603163,圣晖集成,buy,60.18,900,54162.0,16.2486
2025-12-04,001330,博纳影业,sell,8.55,6800,58140.00000000001,75.58200000000001
2025-12-04,688147,微导纳米,sell,68.3,800,54640.0,71.032
2025-12-04,603163,圣晖集成,sell,60.18,900,54162.0,70.4106
2025-12-05,001330,博纳影业,buy,8.8,6600,58080.00000000001,17.424
2025-12-05,600984,建设机械,buy,4.59,12600,57834.0,17.350199999999997
2025-12-05,000859,国风新材,buy,9.13,6300,57519.00000000001,17.2557
2025-12-12,001330,博纳影业,sell,13.35,6600,88110.0,114.54299999999999
2025-12-15,605289,罗曼股份,buy,78.05,300,23415.0,7.0245
2025-12-16,600984,建设机械,sell,4.48,12600,56448.00000000001,73.3824
2025-12-16,000859,国风新材,sell,10.05,6300,63315.00000000001,82.30950000000001
2025-12-16,605289,罗曼股份,sell,78.7,300,23610.0,30.692999999999998
2025-12-17,002703,浙江世宝,buy,14.47,4800,69456.0,20.836799999999997
2025-12-17,603090,宏盛股份,buy,53.16,1300,69108.0,20.7324
2025-12-17,000890,法尔胜,buy,7.2,9600,69120.0,20.735999999999997
2025-12-19,000890,法尔胜,sell,5.83,9600,55968.0,72.7584
2025-12-22,600397,江钨装备,buy,7.3,3800,27740.0,8.322
2025-12-25,002703,浙江世宝,sell,21.22,4800,101856.0,132.4128
2025-12-25,600893,航发动力,buy,41.34,100,4134.0,5.0
2026-01-15,603090,宏盛股份,sell,73.9,1300,96070.00000000001,124.89100000000002
2026-01-15,000021,深科技,buy,28.1,1100,30910.0,9.273
2026-01-20,600397,江钨装备,sell,9.49,3800,36062.0,46.880599999999994
2026-01-20,000738,航发控制,buy,24.52,2600,63752.0,19.1256
2026-02-02,600893,航发动力,sell,45.28,100,4528.0,9.528
2026-02-02,000021,深科技,sell,29.24,1100,32164.0,41.8132
2026-02-02,000738,航发控制,sell,23.51,2600,61126.00000000001,79.46380000000002
2026-02-03,300251,光线传媒,buy,20.14,4300,86602.0,25.9806
2026-02-03,688280,精进电动-UW,buy,10.58,8200,86756.0,26.026799999999998
2026-02-03,600984,建设机械,buy,4.53,19200,86976.0,26.092799999999997
2026-02-03,600984,建设机械,sell,4.53,19200,86976.0,113.0688
2026-02-04,600984,建设机械,buy,4.56,6400,29183.999999999996,8.755199999999999
2026-02-04,300251,光线传媒,sell,19.12,2300,43976.0,57.1688
2026-02-04,688280,精进电动-UW,sell,10.45,4300,44935.0,58.4155
2026-02-05,300251,光线传媒,sell,20.84,2000,41680.0,54.184
2026-02-05,603021,ST华鹏,buy,6.0,8200,49200.0,14.759999999999998
2026-02-09,688280,精进电动-UW,sell,10.04,3900,39156.0,50.9028
2026-02-09,300251,光线传媒,buy,21.3,1600,34080.0,10.223999999999998
2026-02-11,600984,建设机械,sell,4.32,6400,27648.0,35.9424
2026-02-11,300812,易天股份,buy,33.6,1000,33600.0,10.079999999999998
